latitude,longitude,rainfall_1h,rainfall_3h,rainfall_6h,elevation,slope,drainage_capacity,impervious_surface,historical_flood_frequency,road_density,tide_level_m,soil_saturation,flood_probability,flood_occurred
22.53116,88.4713,3.81,10.3,23.81,5.57,0.42,23.96,68.4,4,19.59,2.57,0.65,0.3197,0
22.64064,88.4275,21.15,62.69,92.8,9.3,0.32,31.49,49.9,2,25.75,3.98,0.92,0.4533,0
22.59908,88.35065,5.12,17.07,38.19,7.79,0.93,35.18,68.4,1,15.72,1.32,0.91,0.1973,0
22.57375,88.33931,8.17,20.59,42.15,4.95,0.6,24.77,49.1,2,13.97,2.41,0.43,0.2588,0
22.48964,88.34994,6.17,16.32,40.97,6.57,0.14,13.62,79.1,6,11.02,1.07,0.56,0.3855,0
22.48964,88.43493,5.05,15.51,31.56,4.53,1.5,22.1,84.5,2,15.01,3.47,0.39,0.3923,0
22.47104,88.41227,43.68,128.05,188.45,6.1,0.66,34.73,93.1,6,23.33,3.05,0.83,0.8743,1
22.62457,88.31704,8.41,21.94,38.01,5.28,1.86,22.04,52.4,5,5.89,3.24,0.64,0.3477,0
22.57421,88.31482,65.47,132.44,174.7,9.08,1.42,31.68,71.6,2,25.54,2.51,0.93,0.8315,1
22.59453,88.29968,87.6,200.13,286.5,11.16,0.94,25.25,73.4,3,25.86,3.9,0.44,0.958,1
22.46391,88.41206,21.17,56.49,99.4,3.35,0.55,16.2,91.1,5,17.55,2.31,0.77,0.7357,1
22.64428,88.43287,3.86,8.95,24.62,2.27,0.41,35.07,76.4,2,11.96,2.65,0.97,0.3585,0
22.61816,88.33301,11.73,34.8,71.21,5.96,1.62,10.86,52.3,2,9.68,3.22,0.75,0.4506,0
22.50034,88.28419,39.95,69.31,122.73,3.16,1.75,25.85,66.8,3,10.81,2.67,0.35,0.6581,1
22.49455,88.29643,11.45,27.42,46.3,6.6,0.95,15.1,77.7,2,6.05,1.61,0.7,0.4007,0
22.49485,88.47357,2.28,10.74,20.77,8.15,1.19,10.28,80.0,6,14.98,2.01,0.42,0.34,0
22.51781,88.33909,20.34,45.38,60.47,9.79,2.22,25.1,88.2,4,6.2,1.3,0.32,0.3474,0
22.5597,88.43384,46.63,95.77,149.77,6.94,1.68,24.99,54.0,4,20.09,2.38,0.53,0.6728,1
22.54207,88.40493,39.73,91.77,155.38,6.08,1.24,32.03,92.6,3,12.81,2.95,0.48,0.7515,1
22.51533,88.35639,4.81,15.78,28.59,2.15,0.26,33.32,48.0,6,9.19,1.38,0.84,0.2743,0
22.57625,88.32114,27.93,56.08,85.71,6.56,0.43,32.74,94.2,3,16.44,3.02,0.55,0.6038,1
22.4865,88.30428,6.23,16.84,29.95,6.66,0.68,21.92,87.9,4,25.45,3.86,0.8,0.4857,0
22.51551,88.403,6.15,22.16,41.28,7.91,0.72,29.48,78.0,3,19.6,2.08,0.31,0.2519,0
22.52961,88.43493,51.8,112.23,181.08,4.94,0.48,27.62,81.7,1,15.33,1.71,0.31,0.7835,1
22.54665,88.40878,7.18,19.64,34.32,5.54,0.42,22.33,48.6,3,21.32,3.86,0.32,0.3087,0
22.60918,88.38606,7.64,18.33,34.59,3.25,0.75,28.31,47.1,5,20.49,3.21,0.45,0.3144,0
22.49794,88.28839,0.02,6.99,18.06,2.0,1.09,40.21,50.1,1,23.73,1.34,0.55,0.1413,0
22.5577,88.4737,51.13,102.24,146.43,4.06,1.44,14.56,49.4,7,9.3,2.31,0.71,0.8252,1
22.57256,88.43974,39.33,98.53,160.77,3.05,0.12,38.8,72.4,2,23.04,3.16,0.97,0.7805,1
22.46883,88.33856,24.68,69.48,127.71,7.24,0.61,9.82,55.8,3,11.32,2.84,0.54,0.6172,1
22.57543,88.47599,34.68,85.95,144.7,5.36,0.15,18.49,88.0,7,24.76,2.98,0.34,0.8149,1
22.4924,88.40038,4.12,9.96,23.48,5.32,0.94,17.8,67.3,1,10.9,2.81,0.43,0.2974,0
22.47236,88.39648,15.33,43.69,73.86,4.33,0.93,29.3,79.8,2,24.46,3.55,0.91,0.5618,1
22.64029,88.42961,10.82,23.93,44.34,2.0,0.86,12.46,77.6,4,25.24,2.03,0.78,0.5553,1
22.64347,88.44235,2.46,11.49,19.53,9.82,0.75,38.0,61.0,3,8.06,3.27,0.84,0.1894,0
22.6136,88.4113,16.64,45.55,88.8,4.3,0.62,36.17,57.2,5,25.46,4.17,0.38,0.4617,0
22.51788,88.30562,63.38,123.35,182.33,5.59,0.86,30.17,62.1,6,6.8,2.25,0.39,0.8314,1
22.47856,88.34765,1.02,7.14,16.91,3.3,1.47,23.59,84.8,1,9.59,3.53,0.38,0.3495,0
22.59,88.46562,8.61,20.21,44.2,8.64,0.66,39.72,74.3,6,14.33,1.79,0.88,0.2659,0
22.54363,88.32492,5.82,16.38,39.29,6.82,0.28,36.25,57.7,4,25.87,1.9,0.44,0.1939,0
22.48319,88.35443,6.8,18.77,31.08,4.68,1.18,24.98,85.9,5,15.26,3.99,0.74,0.5074,1
22.55408,88.36642,59.77,119.68,211.15,5.64,1.75,31.86,47.7,2,16.56,1.08,0.65,0.717,1
22.46653,88.36788,15.78,31.25,56.18,10.19,0.26,27.28,80.0,4,19.58,1.7,0.67,0.3434,0
22.63277,88.40259,15.7,46.87,70.0,6.34,0.22,27.99,67.0,4,25.33,2.55,0.43,0.4158,0
22.50917,88.46862,35.74,64.4,105.85,6.1,0.25,19.25,81.6,5,21.45,2.29,0.73,0.7281,1
22.58588,88.32814,4.2,10.29,26.08,4.43,0.85,23.71,91.4,4,9.71,3.01,0.33,0.3996,0
22.51923,88.3043,16.7,34.27,62.83,2.33,3.14,10.66,82.5,3,11.36,1.62,0.98,0.5916,1
22.55881,88.31949,14.05,37.48,65.03,6.15,2.78,20.15,67.1,1,7.05,1.23,0.32,0.2806,0
22.56387,88.45738,22.71,56.47,89.21,7.22,1.19,31.66,52.5,5,18.53,2.18,0.33,0.3578,0
22.49512,88.40916,160.0,285.02,450.0,8.92,0.25,40.41,85.3,5,8.8,2.68,0.52,0.99,1
22.64422,88.33718,36.68,76.15,146.63,2.0,2.75,40.74,68.0,2,10.41,2.8,0.87,0.6465,1
22.60728,88.44319,12.68,29.01,54.81,4.02,2.86,26.89,48.8,3,23.65,2.92,0.47,0.3008,0
22.6385,88.45227,43.94,88.61,118.12,5.22,0.4,28.63,81.0,3,11.86,2.76,0.62,0.7578,1
22.63002,88.4493,4.68,14.42,33.1,6.49,0.95,14.31,59.6,1,16.9,1.79,0.31,0.2367,0
22.5736,88.46379,0.77,5.74,14.98,6.18,1.75,31.64,47.4,3,13.35,3.45,0.35,0.167,0
22.63516,88.33045,5.72,15.08,26.02,6.23,2.49,10.4,90.1,2,6.55,1.28,0.71,0.3686,0
22.47681,88.43101,10.4,27.38,62.67,7.4,0.83,17.68,69.2,3,12.62,1.63,0.43,0.3297,0
22.49724,88.37211,17.86,44.79,90.6,4.51,1.89,30.72,59.0,2,13.57,3.37,0.77,0.4516,0
22.46859,88.4484,23.87,69.91,97.1,8.56,1.29,18.55,80.8,4,23.81,1.9,0.83,0.5951,1
22.52181,88.4257,60.37,170.94,324.4,7.45,1.23,9.69,89.3,3,11.81,2.58,0.88,0.9642,1
22.53385,88.43529,17.83,51.31,83.39,5.8,1.14,36.28,45.0,3,12.96,2.05,0.39,0.2746,0
22.51156,88.41123,17.39,35.89,71.6,10.02,3.25,18.55,79.4,2,21.44,2.62,0.61,0.3772,0
22.61746,88.31549,1.29,7.21,20.76,9.92,1.0,10.15,83.4,3,20.94,2.11,0.94,0.3426,0
22.52778,88.38901,0.89,3.83,9.14,8.55,1.42,10.54,55.5,5,21.76,4.18,0.83,0.3456,0
22.51338,88.47693,20.03,39.92,72.53,2.0,3.26,16.56,69.5,3,25.03,2.14,0.38,0.4939,0
22.56311,88.46748,14.41,37.55,74.3,9.97,1.51,14.05,49.5,4,21.71,3.01,0.64,0.3675,0
22.48678,88.28863,45.69,119.97,156.4,8.25,0.57,34.33,82.3,3,13.56,3.84,0.93,0.8244,1
22.61242,88.31296,4.38,16.92,39.81,10.91,0.91,18.94,87.4,3,22.25,3.04,0.6,0.3367,0
22.47416,88.30635,0.63,6.62,15.63,9.22,0.44,35.36,50.4,4,15.68,2.81,0.87,0.1696,0
22.64751,88.4252,14.9,33.32,60.5,9.97,0.9,13.91,85.8,5,10.83,2.82,0.64,0.5046,1
22.60673,88.44356,6.78,21.34,36.84,8.43,0.83,24.76,83.6,0,11.36,2.59,0.37,0.2758,0
22.49776,88.3227,1.27,5.05,19.7,9.47,0.67,31.39,62.3,1,9.7,3.58,0.4,0.1709,0
22.46105,88.38117,32.24,61.72,98.95,10.89,1.14,30.17,79.5,4,8.04,1.16,0.33,0.4029,0
22.61494,88.44814,2.96,9.51,17.39,6.98,0.16,28.44,45.0,5,8.87,3.83,0.43,0.2344,0
22.5943,88.42656,23.43,42.38,64.09,3.04,3.79,39.44,91.6,4,6.33,2.88,0.91,0.5353,1
22.59851,88.38845,8.25,20.16,32.52,5.82,0.85,15.77,72.5,6,23.66,3.72,0.74,0.5114,1
22.60654,88.39807,4.76,15.65,33.8,7.36,0.95,24.79,76.0,5,24.55,1.03,0.8,0.284,0
22.47407,88.38167,11.94,33.38,69.68,6.66,2.72,38.06,78.2,4,17.32,3.78,0.72,0.3869,0
22.52811,88.33951,40.42,105.79,142.6,3.76,1.49,10.65,73.1,4,22.65,1.38,0.56,0.8021,1
22.48202,88.393,12.44,31.16,70.13,2.91,0.66,9.9,87.8,4,8.85,3.31,0.45,0.6559,1
22.62399,88.41778,34.73,94.46,169.55,4.87,0.74,15.93,75.5,4,23.94,2.33,0.93,0.8205,1
22.57843,88.45466,3.35,12.58,31.19,8.28,2.16,29.52,90.4,1,15.63,3.18,0.65,0.2823,0
22.52287,88.40726,37.04,82.15,143.01,9.98,2.4,16.84,74.1,7,6.41,3.01,0.63,0.7156,1
22.47208,88.43222,6.76,18.9,46.63,8.52,0.59,14.47,53.6,3,7.97,1.52,0.98,0.2945,0
22.51909,88.31201,28.28,73.98,100.28,8.83,2.67,23.6,90.7,4,11.49,2.65,0.56,0.6022,1
22.52178,88.37231,20.86,62.44,103.15,6.32,0.18,28.86,79.1,4,5.91,1.89,0.88,0.5696,1
22.59863,88.28187,66.18,130.02,232.04,2.67,2.94,16.45,80.0,3,11.5,2.79,0.89,0.9409,1
22.58114,88.32934,12.25,34.17,61.71,5.5,1.3,18.22,94.3,2,6.26,3.36,0.46,0.5428,1
22.62857,88.42529,1.71,9.4,29.56,5.93,2.64,28.86,48.8,1,9.96,1.26,0.36,0.1189,0
22.54972,88.47836,0.48,3.06,14.5,5.41,1.62,40.16,66.4,7,10.58,2.65,0.96,0.2467,0
22.48272,88.29984,43.84,87.15,154.25,6.62,0.63,30.94,57.0,3,25.88,2.98,0.59,0.6695,1
22.59552,88.3603,18.6,51.2,83.15,7.47,0.89,34.62,76.5,4,9.95,1.95,0.3,0.3643,0
22.60455,88.44001,37.32,91.55,142.11,8.38,0.65,20.47,85.3,3,10.02,4.05,0.64,0.7956,1
22.56664,88.32081,6.68,16.21,31.62,5.89,0.48,17.26,93.3,3,19.42,2.66,0.72,0.4769,0
22.60648,88.39102,10.58,28.57,58.2,2.31,1.44,23.45,67.7,2,23.05,1.58,0.83,0.4073,0
22.55382,88.42661,0.76,3.92,19.92,5.44,0.12,35.44,84.3,3,13.13,1.34,0.94,0.2603,0
22.55932,88.4032,81.42,192.78,304.24,6.6,0.84,23.51,90.9,2,23.39,2.73,0.92,0.9746,1
22.54123,88.3176,27.56,77.77,148.63,9.19,1.05,36.79,79.2,1,12.14,2.2,0.94,0.5312,1
22.46483,88.35108,67.65,159.52,246.63,5.25,0.12,41.62,57.1,4,9.14,1.62,0.32,0.8376,1
22.4805,88.43676,7.71,24.59,42.49,7.63,1.28,10.45,75.4,2,11.92,1.1,0.78,0.3537,0
22.46597,88.39085,23.63,55.06,77.94,7.14,1.61,9.54,93.5,7,17.8,2.81,0.45,0.7007,1
22.58092,88.28105,28.37,50.76,64.91,6.6,1.43,13.09,94.4,3,12.71,2.92,0.43,0.6588,1
22.51973,88.4322,9.55,23.87,42.52,8.55,1.41,21.07,77.1,2,19.13,1.45,0.84,0.3104,0
22.55663,88.28706,47.11,112.4,165.94,5.05,1.07,12.46,89.3,4,9.98,2.93,0.58,0.8933,1
22.63244,88.42915,73.51,149.71,262.29,5.23,0.35,37.6,55.0,3,19.72,4.05,0.92,0.9265,1
22.50737,88.3205,54.04,104.43,190.56,6.47,0.82,8.79,57.3,3,12.3,4.13,0.33,0.864,1
22.53797,88.47161,33.59,78.84,106.34,5.09,0.63,18.74,92.6,8,14.57,3.84,0.85,0.8599,1
22.60355,88.35359,8.12,25.03,45.36,7.62,1.05,14.28,51.8,4,16.71,3.58,0.39,0.3465,0
22.50347,88.34539,8.27,17.3,33.1,4.93,0.46,39.67,54.6,2,19.41,1.67,0.42,0.1759,0
22.47463,88.30978,82.67,183.48,294.62,7.0,2.26,30.76,66.0,7,10.01,1.5,0.62,0.9376,1
22.51505,88.34112,0.26,2.2,3.3,6.28,0.17,39.01,74.5,3,22.55,2.42,0.57,0.1945,0
22.49063,88.45533,31.47,85.38,118.91,6.97,0.55,41.06,75.2,4,20.16,2.98,0.63,0.5938,1
22.63664,88.47927,30.63,86.48,168.27,5.49,0.78,24.9,59.6,8,9.92,3.72,0.94,0.789,1
22.61354,88.35366,24.37,64.96,119.59,5.75,1.44,15.97,91.0,6,25.47,1.74,0.75,0.7094,1
22.58035,88.36972,115.4,203.78,273.21,6.71,1.45,14.59,90.8,4,18.96,2.53,0.5,0.9879,1
22.62558,88.42441,9.34,28.44,48.02,6.94,2.0,15.58,64.6,5,14.5,3.07,0.42,0.3851,0
22.6127,88.45724,10.39,37.89,62.31,6.49,1.79,32.09,66.7,3,8.31,2.43,0.59,0.3091,0
22.49545,88.39861,2.06,9.67,26.95,10.25,0.83,9.38,80.1,1,16.2,2.45,0.61,0.2991,0
22.62959,88.35831,14.62,31.41,57.48,4.32,1.9,9.75,78.1,1,8.46,1.72,0.71,0.4898,0
22.56248,88.36252,7.56,21.65,40.74,6.36,0.84,28.68,64.1,1,14.02,4.16,0.48,0.3212,0
22.61341,88.41912,10.52,32.95,61.47,3.04,0.16,29.83,65.7,4,13.58,2.52,0.82,0.4525,0
22.63026,88.28064,44.98,107.66,169.74,7.32,0.18,30.62,62.4,4,20.12,2.7,0.37,0.7115,1
22.52042,88.40392,68.52,166.96,239.23,4.05,0.76,20.64,56.8,1,9.04,1.7,0.68,0.9108,1
22.48091,88.3511,5.14,19.68,38.88,5.89,0.32,35.4,67.9,1,22.26,2.65,0.72,0.2635,0
22.50331,88.43884,11.65,33.39,58.39,5.68,0.89,26.14,79.3,2,11.85,1.82,0.44,0.3576,0
22.54115,88.2986,66.0,113.59,174.81,7.12,1.83,11.59,82.1,5,14.32,1.65,0.86,0.901,1
22.61542,88.39764,1.6,4.17,14.59,5.28,0.69,35.1,83.9,3,21.22,1.88,0.72,0.2526,0
22.62354,88.37619,2.42,8.39,18.37,5.19,0.1,40.4,63.7,3,18.13,1.01,0.74,0.172,0
22.46132,88.40847,4.44,19.83,32.03,9.66,1.52,10.04,83.2,4,11.47,2.82,0.64,0.3937,0
22.55704,88.29297,22.61,48.65,91.98,7.13,0.63,21.31,45.3,3,13.11,2.24,0.92,0.4454,0
22.53931,88.396,4.08,16.4,31.11,5.27,0.78,24.58,68.9,3,11.42,3.88,0.77,0.3953,0
22.5022,88.3923,86.11,159.45,200.7,5.95,4.6,12.98,84.7,1,17.49,1.13,0.56,0.9245,1
22.48277,88.39213,14.8,41.39,76.53,10.12,2.0,37.5,76.5,5,11.99,1.14,0.46,0.2412,0
22.52415,88.4007,17.4,47.77,92.39,5.98,2.39,17.66,68.7,9,20.24,3.83,0.35,0.5955,1
22.63915,88.41529,7.08,12.85,30.83,4.98,0.71,34.62,77.2,4,17.18,1.41,0.41,0.2476,0
22.52141,88.441,15.92,33.83,64.32,4.99,3.89,30.81,90.3,3,8.06,1.01,0.98,0.3913,0
22.55857,88.33396,27.11,51.48,79.5,5.29,0.4,28.33,73.3,0,11.52,1.57,0.58,0.4534,0
22.59357,88.44501,34.78,97.6,175.46,5.19,0.16,14.53,85.0,3,9.65,3.64,0.91,0.877,1
22.52909,88.37965,35.05,80.79,145.17,3.68,4.4,15.5,94.0,3,13.2,3.57,0.42,0.7933,1
22.64464,88.29541,21.56,51.06,78.96,4.03,0.1,9.61,80.3,7,15.84,2.09,0.59,0.7062,1
22.64286,88.29171,58.68,106.47,204.3,4.68,0.63,16.18,73.7,4,15.64,3.14,0.95,0.9183,1
22.50784,88.34685,42.51,106.69,138.35,7.8,1.54,19.75,46.9,2,20.84,2.62,0.36,0.6237,1
22.55448,88.43698,35.37,96.21,188.73,5.66,0.72,36.33,63.7,6,8.97,3.9,0.7,0.7567,1
22.51717,88.42154,1.43,11.1,23.56,6.04,0.51,20.46,73.3,1,24.88,1.18,0.93,0.2745,0
22.51412,88.43772,0.17,4.21,18.92,9.29,1.0,33.66,84.9,2,12.2,3.6,0.95,0.2698,0
22.46701,88.38345,5.97,11.74,29.63,9.35,0.95,22.94,66.9,4,11.31,1.55,0.88,0.248,0
22.57582,88.36804,27.23,52.02,96.15,5.88,1.11,34.69,93.0,1,19.39,2.25,0.88,0.5627,1
22.55551,88.30949,13.24,27.04,46.74,5.11,2.56,41.19,58.6,1,21.92,1.61,0.74,0.202,0
22.46978,88.34564,12.87,29.89,54.39,4.6,1.61,16.15,82.2,5,12.95,3.25,0.45,0.5431,1
22.51294,88.3668,53.98,102.88,133.22,8.02,0.81,37.32,66.0,3,20.68,3.17,0.8,0.7283,1
22.63257,88.29772,56.48,112.52,173.5,6.05,1.24,29.14,69.3,2,23.56,2.75,0.97,0.83,1
22.50552,88.32412,59.97,128.42,227.77,5.65,0.86,35.79,85.1,4,21.1,3.23,0.66,0.8946,1
22.48753,88.39965,9.42,28.52,44.7,4.71,1.32,30.15,59.8,1,5.72,3.05,0.48,0.295,0
22.553,88.42713,29.36,75.13,113.46,4.81,0.46,22.41,49.8,4,22.37,3.48,0.69,0.6534,1
22.64727,88.47967,7.92,25.99,49.46,7.2,0.65,15.75,71.0,1,21.26,1.77,0.77,0.352,0
22.50599,88.46662,5.29,17.13,38.66,3.61,2.01,10.38,71.4,2,19.06,2.37,0.44,0.3883,0
22.58771,88.40851,5.1,10.04,15.94,8.69,0.32,26.21,84.9,6,20.96,1.49,0.79,0.3017,0
22.60471,88.36425,10.47,33.88,61.26,5.33,2.06,41.67,93.4,4,25.57,2.37,0.7,0.3775,0
22.50515,88.40724,14.05,29.66,46.58,6.17,3.27,33.09,47.8,1,14.05,3.25,0.72,0.2439,0
22.59836,88.43713,44.44,109.0,191.97,3.56,0.67,19.13,74.6,4,6.41,3.21,0.51,0.869,1
22.52988,88.30367,3.19,12.13,24.66,6.47,0.32,36.12,79.1,5,14.68,3.27,0.41,0.288,0
22.58014,88.36198,33.19,95.46,164.61,5.78,0.49,34.15,94.3,2,5.98,1.99,0.72,0.7244,1
22.58037,88.44796,18.95,38.33,63.05,6.39,3.1,17.58,92.1,5,11.18,3.12,0.7,0.5878,1
22.5618,88.35677,8.49,17.18,29.91,9.74,0.3,8.49,80.6,6,17.32,2.18,0.53,0.4123,0
22.47716,88.39437,16.97,52.55,102.82,6.89,0.33,12.02,71.1,3,11.5,4.02,0.5,0.6303,1
22.61871,88.39755,8.91,18.44,32.08,4.75,0.1,37.83,53.1,5,19.39,2.1,0.54,0.2401,0
22.52095,88.3169,22.66,66.06,112.0,4.94,0.64,36.44,64.2,4,22.26,2.93,0.63,0.5257,1
22.49544,88.35245,14.22,38.15,56.53,7.81,1.14,18.04,74.3,4,13.83,3.4,0.96,0.5331,1
22.46775,88.3469,4.49,14.85,33.61,9.36,2.79,17.7,81.3,6,23.9,3.9,0.82,0.4098,0
22.57227,88.28524,3.1,12.45,25.75,7.12,0.7,34.96,76.8,3,6.68,2.4,0.88,0.2655,0
22.58874,88.28484,19.78,60.29,89.13,8.02,1.5,39.88,80.7,6,22.64,2.15,0.64,0.4309,0
22.46315,88.44634,58.18,101.7,143.92,7.84,0.5,34.49,66.5,3,22.4,2.38,0.66,0.73,1
22.5573,88.33461,10.54,33.48,63.16,9.62,0.26,28.59,81.4,1,11.76,2.04,0.44,0.2887,0
22.50303,88.38362,33.01,81.47,148.73,2.21,2.51,16.25,52.2,3,11.27,3.09,0.79,0.7375,1
22.58258,88.33975,26.87,66.11,122.53,7.97,1.11,25.88,53.1,1,11.41,3.98,0.59,0.518,1
22.49313,88.46814,67.04,119.0,191.55,8.66,1.61,15.94,53.1,1,22.04,1.4,0.8,0.7984,1
22.59128,88.33186,43.01,102.92,170.8,3.55,1.08,35.47,89.5,6,22.46,2.79,0.58,0.829,1
22.53348,88.36593,20.9,62.05,86.13,4.55,0.15,21.16,48.8,6,11.92,3.87,0.37,0.5822,1
22.63798,88.45455,26.75,76.48,114.83,4.63,2.0,36.35,85.1,3,17.44,1.32,0.42,0.5097,1
22.48613,88.44839,57.16,125.32,177.41,4.9,0.47,20.97,56.7,2,7.92,2.58,0.85,0.8579,1
22.5248,88.31722,12.75,28.5,46.75,5.44,1.43,36.02,68.4,2,14.84,3.77,0.48,0.3355,0
22.48156,88.44053,9.89,27.59,46.35,7.03,0.28,19.33,90.8,6,25.97,3.88,0.48,0.555,1
22.63569,88.37164,0.27,5.03,20.0,8.4,0.3,22.96,74.3,4,8.34,2.65,0.93,0.3035,0
22.62669,88.37659,43.8,108.36,179.49,8.88,0.51,28.93,55.5,4,24.9,1.08,0.75,0.6403,1
22.50901,88.3067,40.36,90.69,182.92,4.66,0.38,10.39,59.2,5,22.31,1.34,0.38,0.7617,1
22.5854,88.29612,2.76,8.4,25.2,4.64,0.24,40.24,91.0,4,25.42,2.88,0.4,0.3005,0
22.61527,88.42559,21.5,49.1,88.58,9.39,4.31,27.5,66.4,2,8.77,1.4,0.49,0.2639,0
22.56549,88.37929,15.59,37.32,72.41,7.92,0.97,25.27,74.3,4,9.48,1.48,0.7,0.3806,0
22.56063,88.36737,3.16,12.27,29.62,6.68,0.13,36.54,68.0,6,5.35,3.47,0.81,0.3175,0
22.50595,88.4259,98.52,237.65,334.56,7.54,0.26,37.44,63.9,4,20.22,3.4,0.49,0.9757,1
22.47769,88.4331,6.04,15.66,26.19,6.43,0.41,25.76,56.2,4,18.53,3.7,0.89,0.3517,0
22.63047,88.31178,1.74,9.3,23.26,7.65,0.59,39.53,79.3,2,8.74,1.34,0.37,0.1518,0
22.63108,88.40205,22.59,43.65,73.36,5.76,1.7,10.2,80.9,2,21.61,1.63,0.44,0.5279,1
22.58029,88.30707,33.57,96.06,173.81,7.09,1.14,11.85,58.7,6,11.28,3.67,0.96,0.8232,1
22.52442,88.43028,0.82,9.22,15.58,3.18,0.94,28.29,84.5,4,7.83,3.31,0.39,0.3627,0
22.52635,88.41139,26.88,61.45,87.49,4.99,0.17,20.04,87.7,3,13.87,3.58,0.9,0.7536,1
22.59793,88.47132,19.0,40.26,76.54,5.01,1.47,23.78,91.0,5,6.91,4.17,0.78,0.6757,1
22.63045,88.29379,2.72,12.35,28.09,5.68,0.16,19.15,53.1,1,10.53,3.77,0.35,0.2829,0
22.62855,88.29141,4.73,14.7,29.31,4.46,0.78,21.76,60.2,3,12.8,2.67,0.63,0.3232,0
22.60818,88.33644,20.98,57.22,107.7,5.33,1.21,35.97,88.0,5,22.89,1.99,0.65,0.5393,1
22.58199,88.33234,8.79,17.08,35.33,3.17,1.25,28.18,54.9,2,21.64,2.82,0.93,0.3423,0
22.47599,88.3294,69.64,145.59,203.15,7.71,1.07,41.91,45.2,2,14.3,3.04,0.59,0.7823,1
22.49071,88.46125,42.7,81.07,124.91,6.32,1.11,34.75,88.5,5,20.22,2.07,0.6,0.6995,1
22.63073,88.32991,102.71,247.13,403.86,2.75,1.04,17.3,61.3,3,16.94,3.47,0.38,0.99,1
22.57522,88.33439,7.52,14.43,37.17,4.66,0.21,16.99,65.7,2,12.16,1.3,0.73,0.3359,0
22.46175,88.43188,87.43,210.95,272.64,7.24,0.19,19.42,67.3,2,20.24,3.49,0.44,0.9699,1
22.47928,88.36995,14.11,40.82,76.08,5.31,1.85,36.67,87.4,6,19.35,1.1,0.35,0.357,0
22.58607,88.43534,10.67,31.82,54.77,4.97,1.87,8.93,61.9,5,18.0,2.59,0.98,0.5277,1
22.46096,88.29307,1.29,3.23,18.57,6.34,0.3,15.83,89.6,7,17.98,3.76,0.48,0.4751,0
22.49055,88.37751,1.36,7.21,18.4,7.26,1.09,38.77,75.8,0,19.34,1.28,0.4,0.1289,0
22.56426,88.28672,29.44,54.37,88.35,3.34,1.29,29.76,71.4,2,13.08,2.66,0.78,0.5879,1
22.59146,88.29253,15.31,43.25,83.75,7.71,0.94,15.71,61.3,1,23.25,1.51,0.86,0.3976,0
22.58387,88.46129,6.42,18.8,37.9,4.74,2.07,15.45,57.2,4,8.41,3.86,0.34,0.3736,0
22.50261,88.30785,23.8,47.02,81.99,6.46,0.61,37.33,76.2,4,23.56,3.66,0.37,0.4815,0
22.59531,88.38648,7.29,21.25,42.58,6.42,0.66,38.39,67.3,3,12.19,3.99,0.36,0.2822,0
22.50508,88.36222,21.55,63.18,99.18,5.34,2.08,16.71,90.5,1,7.63,3.8,0.33,0.6522,1
22.52183,88.34947,11.13,31.37,53.81,4.25,0.22,22.3,69.6,0,17.6,3.36,0.75,0.4632,0
22.60183,88.45997,43.37,89.21,171.36,5.87,1.79,36.38,70.6,7,12.9,1.59,0.7,0.6888,1
22.58343,88.28436,42.97,102.21,193.28,10.08,2.89,34.21,65.8,5,22.13,1.97,0.75,0.6242,1
22.62135,88.41276,16.22,36.88,59.32,3.5,1.45,35.67,84.5,3,14.05,2.59,0.64,0.4554,0
22.58495,88.47268,10.8,23.46,44.66,10.22,0.88,25.63,66.2,4,19.04,2.88,0.86,0.3208,0
22.56798,88.39203,11.26,30.28,62.31,5.93,0.23,38.99,58.5,3,11.47,3.5,0.67,0.3278,0
22.4778,88.46736,40.96,110.56,175.53,6.58,1.08,19.08,88.1,0,9.4,1.73,0.92,0.8057,1
22.52987,88.29045,9.94,32.1,59.12,4.11,0.45,13.33,74.8,3,13.15,1.41,0.63,0.4663,0
22.51039,88.36376,5.86,12.94,27.33,4.8,0.71,32.1,74.6,3,17.74,2.54,0.84,0.3284,0
22.50636,88.33203,2.21,10.0,22.77,5.39,1.27,26.34,75.5,6,18.8,1.51,0.58,0.2788,0
22.64487,88.42616,15.72,38.06,69.55,4.2,0.38,37.06,80.9,5,17.14,3.22,0.6,0.4998,0
22.53469,88.47626,16.45,32.28,68.0,6.04,0.27,10.76,60.7,4,25.75,2.84,0.88,0.552,1
22.62949,88.33131,45.96,112.01,207.29,5.6,0.55,36.69,46.7,4,19.51,3.37,0.37,0.7155,1
22.57992,88.41083,6.25,13.88,32.79,10.57,2.65,17.97,85.5,4,24.56,1.2,0.68,0.2553,0
22.61101,88.31962,11.99,36.08,70.11,3.93,1.29,30.27,51.4,7,7.48,4.09,0.79,0.4868,0
22.5555,88.39307,41.31,99.79,184.46,6.73,0.44,9.36,81.1,3,6.29,1.0,0.81,0.8189,1
22.56961,88.37279,43.38,86.63,128.38,7.05,0.49,28.73,49.1,0,11.53,2.04,0.7,0.5599,1
22.55358,88.4744,12.14,27.97,43.35,4.15,2.3,32.39,63.8,3,7.87,3.17,0.6,0.3419,0
22.4971,88.40171,15.36,32.51,46.49,8.01,0.19,20.54,48.2,5,16.04,1.14,0.48,0.275,0
22.59727,88.3499,9.03,18.29,38.87,5.62,2.61,15.32,71.1,2,15.9,1.27,0.92,0.3377,0
22.51335,88.30282,67.41,162.0,240.54,2.0,0.37,26.28,77.7,4,17.08,1.25,0.55,0.9332,1
22.46462,88.31025,3.16,9.49,25.46,7.95,2.53,36.33,53.6,1,20.65,2.86,0.84,0.156,0
22.58264,88.32506,67.86,116.29,162.85,4.04,1.84,19.0,63.6,4,25.4,3.87,0.32,0.8915,1
22.49365,88.33019,28.79,50.56,98.56,4.19,0.32,16.58,91.5,3,23.44,2.78,0.46,0.7136,1
22.63869,88.45012,18.96,50.87,78.97,8.01,1.62,17.48,67.1,8,7.49,2.93,0.53,0.5381,1
22.64125,88.39224,0.83,7.47,16.97,5.74,0.14,40.27,85.1,3,12.11,2.11,0.76,0.2483,0
22.63382,88.38468,16.14,38.44,65.77,8.52,2.13,20.22,91.4,2,10.37,1.06,0.52,0.3714,0
22.53033,88.30295,13.1,31.61,51.86,9.16,0.31,8.12,93.7,2,8.71,1.07,0.33,0.4152,0
22.46294,88.45203,4.4,11.67,23.02,5.08,2.13,34.58,89.9,5,16.44,3.84,0.42,0.3542,0
22.63638,88.42456,26.71,54.8,82.75,8.25,0.21,31.78,60.9,5,16.62,1.33,0.48,0.3776,0
22.54135,88.29353,88.64,151.0,205.59,4.84,0.33,12.37,93.1,4,9.77,4.2,0.42,0.9779,1
22.64366,88.42157,20.65,56.59,105.62,11.41,3.11,41.49,85.6,5,19.95,1.53,0.44,0.2898,0
22.64309,88.38871,31.36,81.08,150.98,4.98,1.41,28.67,86.9,1,20.39,3.16,0.82,0.7328,1
22.62207,88.29635,1.77,9.88,23.75,8.76,0.37,25.03,45.8,5,5.44,4.04,0.58,0.2439,0
22.51595,88.37166,13.52,36.73,73.42,8.36,1.18,21.0,92.7,4,13.31,2.16,0.58,0.4679,0
22.53317,88.37694,3.09,10.86,28.36,7.2,1.16,38.55,83.9,4,23.69,3.35,0.96,0.3165,0
22.62172,88.31315,23.72,49.02,70.68,5.02,0.75,16.29,83.4,5,15.93,2.12,0.6,0.63,1
22.52022,88.46914,69.71,141.4,271.91,6.17,1.15,17.72,49.1,2,12.3,1.98,0.93,0.9033,1
22.4922,88.45,27.1,55.81,107.99,2.0,2.32,12.16,56.6,2,10.33,1.65,0.5,0.5703,1
22.56579,88.4138,2.0,9.39,22.34,6.99,1.8,33.81,93.1,2,10.11,3.63,0.57,0.2992,0
22.63787,88.37246,10.95,33.86,57.24,7.27,1.46,28.25,70.0,2,7.1,1.82,0.57,0.2878,0
22.59225,88.36235,20.0,54.44,81.7,6.79,0.36,28.71,64.9,5,22.16,1.91,0.67,0.4519,0
22.56831,88.41019,12.9,43.05,62.2,2.0,0.21,15.43,87.0,4,6.82,4.2,0.7,0.729,1
22.47846,88.38909,44.84,115.02,205.95,3.72,0.87,30.14,49.4,0,11.14,2.05,0.47,0.6969,1
22.57685,88.29245,42.14,79.09,130.93,4.85,1.83,34.03,65.8,2,5.96,2.35,0.84,0.642,1
22.64811,88.3825,23.66,47.39,94.05,7.14,0.1,20.17,63.8,4,21.41,4.17,0.64,0.6085,1
22.48662,88.44128,11.69,35.1,71.28,7.14,0.59,35.25,62.5,6,5.82,2.18,0.3,0.2879,0
22.55848,88.37185,7.37,18.82,38.36,6.13,1.38,19.86,60.4,5,11.47,2.17,0.7,0.3306,0
22.6267,88.29039,2.8,12.54,25.31,7.9,2.57,33.78,55.5,4,17.04,3.65,0.84,0.2204,0
22.60075,88.43726,10.96,34.48,46.82,4.24,0.87,9.15,53.6,5,13.6,2.0,0.47,0.4354,0
22.59243,88.32027,13.33,36.36,60.39,7.84,0.55,26.74,77.0,6,10.93,1.75,0.33,0.3592,0
22.59347,88.33172,28.16,80.59,141.72,7.54,0.94,40.96,91.0,1,10.78,2.35,0.85,0.5839,1
22.5283,88.31294,26.84,46.41,60.7,7.33,1.47,41.36,70.4,4,21.75,3.24,0.96,0.4537,0
22.51578,88.34604,1.82,6.55,16.14,6.1,0.12,17.58,59.9,1,25.45,1.14,0.35,0.1921,0
22.61378,88.43135,12.57,38.23,78.57,10.53,0.34,23.01,53.0,2,12.31,2.2,0.94,0.3106,0
22.61392,88.38388,5.02,14.8,29.39,7.59,0.39,10.14,86.5,6,5.82,2.11,0.54,0.4393,0
22.62474,88.32098,4.26,13.67,30.25,4.37,0.66,37.69,93.6,3,5.77,1.78,0.94,0.3444,0
22.63352,88.45557,43.91,93.42,163.96,7.05,2.21,27.33,62.5,2,20.94,3.09,0.74,0.7005,1
22.55716,88.45592,1.07,9.01,27.57,8.16,0.31,21.09,59.5,1,16.6,1.93,0.91,0.2264,0
22.55529,88.45412,13.58,28.99,47.42,5.21,0.47,11.83,75.1,0,21.46,2.94,0.83,0.5215,1
22.61168,88.32776,4.6,15.32,23.7,8.9,0.2,40.19,83.8,1,19.65,2.61,0.32,0.1896,0
22.58349,88.37025,52.87,101.36,194.43,7.34,0.67,26.03,67.8,2,24.06,1.7,0.34,0.7204,1
22.59337,88.477,20.36,54.08,85.67,2.0,0.73,17.62,76.5,1,23.6,1.85,0.66,0.6028,1
22.6112,88.4344,6.58,21.02,33.63,7.16,0.79,19.91,80.8,3,21.55,1.55,0.39,0.3031,0
22.6291,88.28543,17.45,36.22,63.29,5.61,4.78,17.2,93.0,5,14.98,1.18,0.61,0.4564,0
22.52422,88.29304,32.87,81.31,150.3,7.68,1.82,28.46,53.3,3,11.47,2.98,0.95,0.6019,1
22.53136,88.37279,79.32,219.07,304.35,8.58,0.9,39.62,94.9,4,15.65,3.15,0.5,0.9631,1
22.47786,88.46184,6.23,13.79,26.95,6.93,1.45,37.13,64.6,7,15.54,1.53,0.63,0.2116,0
22.56987,88.38774,54.33,104.07,145.43,10.16,0.52,23.65,81.2,7,17.82,2.97,0.56,0.8214,1
22.46683,88.37956,68.07,176.15,342.84,6.11,4.11,36.1,73.6,1,8.91,4.14,0.73,0.933,1
22.54846,88.30109,62.05,143.26,199.44,7.87,1.88,22.39,69.3,6,18.77,1.24,0.43,0.8384,1
22.5631,88.41136,25.22,75.41,133.7,8.27,1.68,16.58,79.9,2,14.59,2.57,0.48,0.6087,1
22.51444,88.44442,24.84,49.8,97.19,6.29,2.63,41.44,64.8,3,18.02,3.35,0.88,0.4345,0
22.57226,88.35608,12.9,34.47,47.48,8.21,3.38,18.33,51.3,7,10.03,1.15,0.85,0.2928,0
22.4658,88.43512,34.9,72.54,146.2,5.19,0.32,19.01,69.4,2,14.12,3.49,0.84,0.7653,1
22.4671,88.4729,18.94,38.88,81.48,5.57,2.4,41.65,71.1,4,9.41,4.13,0.82,0.4533,0
22.61629,88.32075,28.29,74.83,141.1,3.61,1.36,12.55,55.1,5,23.38,1.28,0.61,0.6522,1
22.52844,88.38467,13.99,33.03,48.01,7.03,1.2,33.86,91.8,5,15.25,3.63,0.8,0.4974,0
22.48414,88.33743,32.87,88.27,157.71,7.22,3.07,39.82,56.4,2,9.72,2.21,0.56,0.444,0
22.55923,88.43857,43.5,89.47,167.27,9.09,0.35,25.4,65.5,3,5.87,1.46,0.37,0.6084,1
22.6063,88.39552,3.96,16.77,32.23,8.24,0.92,8.09,52.7,3,19.19,2.58,0.57,0.2975,0
22.50101,88.40692,44.73,99.59,138.71,5.87,0.81,20.75,71.8,2,9.51,1.23,0.41,0.6947,1
22.57835,88.43958,19.43,59.51,116.32,3.91,1.34,11.79,60.4,8,25.78,2.67,0.57,0.6713,1
22.47622,88.35919,46.55,96.79,145.67,7.45,1.39,22.15,69.5,1,16.21,1.06,0.5,0.6404,1
22.46982,88.46302,14.11,30.57,46.97,8.94,2.32,34.86,56.2,4,11.07,3.33,0.71,0.2668,0
22.56096,88.38661,11.91,32.37,55.55,8.16,0.99,22.92,47.7,1,18.81,2.56,0.55,0.2571,0
22.56272,88.31159,61.65,149.38,266.9,8.89,3.26,22.69,84.0,2,10.78,2.47,0.78,0.8943,1
22.58111,88.41918,7.23,19.54,32.7,6.03,1.47,26.93,77.1,4,22.23,1.63,0.65,0.3029,0
22.59796,88.43865,46.48,133.6,221.75,5.47,0.31,27.78,62.0,2,11.47,2.16,0.93,0.8317,1
22.64541,88.34335,16.54,35.6,70.0,4.88,0.53,37.11,47.4,2,25.75,1.58,0.36,0.2332,0
22.5581,88.45144,18.04,51.67,85.18,6.38,1.68,18.48,88.3,6,17.71,3.35,0.77,0.6652,1
22.52136,88.46123,9.22,20.98,44.87,6.33,1.39,35.94,53.5,4,22.73,1.64,0.76,0.2155,0
22.61109,88.33538,21.28,56.68,86.15,6.95,1.32,27.24,91.5,2,6.53,2.97,0.95,0.6032,1
22.51146,88.4767,9.83,30.65,50.43,6.22,3.63,18.22,68.9,3,12.31,1.89,0.55,0.3151,0
22.5434,88.30814,1.0,7.88,24.93,6.21,2.14,18.03,62.0,2,20.49,3.1,0.51,0.2588,0
22.47491,88.3204,7.94,27.53,60.71,4.79,0.65,20.28,82.1,3,18.76,2.73,0.42,0.4494,0
22.46482,88.31684,0.16,3.35,11.43,8.57,0.83,29.17,88.8,6,9.08,2.36,0.48,0.2579,0
22.6429,88.4588,95.82,268.1,450.0,6.67,0.61,15.85,63.5,0,12.48,3.15,0.64,0.99,1
22.61884,88.41086,84.35,210.19,276.98,6.12,0.4,39.29,65.4,4,10.53,2.33,0.87,0.9544,1
22.59224,88.31042,12.57,30.0,49.25,4.86,3.82,27.55,66.7,5,17.88,3.63,0.49,0.3797,0
22.5377,88.36806,32.58,66.8,108.94,3.57,1.38,39.28,91.1,5,12.24,3.33,0.41,0.673,1
22.49293,88.40306,10.61,23.41,35.17,9.38,0.26,9.58,79.6,2,11.49,2.73,0.49,0.4074,0
22.48972,88.29669,27.8,53.52,82.55,7.72,3.03,19.65,57.4,5,9.35,3.81,0.37,0.5022,1
22.50755,88.45648,40.92,75.2,124.92,2.93,0.46,8.78,54.2,4,13.59,3.65,0.93,0.8398,1
22.56435,88.44072,73.32,129.3,167.33,8.18,1.18,17.26,56.5,1,9.11,2.7,0.89,0.872,1
22.59577,88.38104,12.78,30.67,45.9,8.53,1.03,37.31,58.2,4,25.21,1.22,0.51,0.1894,0
22.58544,88.47343,38.23,100.78,160.72,6.77,0.16,9.24,56.5,3,8.24,2.81,0.47,0.7676,1
22.51319,88.36355,7.73,17.58,36.69,10.02,0.1,22.83,77.9,7,24.18,2.14,0.92,0.3739,0
22.64142,88.47682,115.97,208.27,391.41,6.98,1.83,12.0,50.8,3,14.0,2.73,0.3,0.9838,1
22.6002,88.41358,0.65,8.22,19.7,3.38,2.52,22.17,64.4,4,12.94,3.07,0.71,0.3221,0
22.56533,88.40693,23.13,46.84,72.5,7.3,1.25,36.52,76.3,2,9.86,3.06,0.92,0.4616,0
22.57623,88.31319,26.93,48.08,97.06,7.04,5.5,29.18,59.5,2,18.35,3.16,0.65,0.3743,0
22.53972,88.45639,29.12,59.71,112.29,5.17,0.5,33.05,48.3,2,19.4,3.17,0.3,0.4497,0
22.50707,88.3655,3.21,12.01,26.06,7.76,0.11,19.87,49.1,1,14.82,1.35,0.45,0.1685,0
22.52763,88.31245,69.73,185.19,247.39,2.83,1.42,40.11,51.3,4,6.17,1.61,0.93,0.9048,1
22.60399,88.28252,5.0,16.01,34.39,8.68,0.34,32.11,86.8,3,24.29,3.02,0.31,0.276,0
22.46273,88.39195,24.37,63.57,112.73,4.57,0.91,22.34,77.9,2,25.59,2.31,0.57,0.6085,1
22.48205,88.38548,6.3,21.32,41.44,4.33,2.17,22.5,48.2,2,14.05,3.44,0.84,0.3291,0
22.46874,88.42387,9.18,28.1,57.85,6.25,0.57,39.24,64.6,1,17.89,1.4,0.87,0.2354,0
22.46774,88.45805,19.77,51.1,86.67,7.45,0.91,27.6,58.9,3,14.46,1.61,0.62,0.3636,0
22.62254,88.29588,13.5,41.14,83.25,6.86,2.43,32.02,73.9,5,11.76,2.79,0.46,0.3764,0
22.59369,88.4263,4.37,13.77,26.03,4.87,0.81,22.18,71.1,2,6.62,2.6,0.71,0.3394,0
22.55009,88.31748,4.69,12.42,26.24,5.39,1.42,15.61,69.1,4,14.58,1.85,0.48,0.3127,0
22.47859,88.45164,13.54,35.99,71.86,4.01,1.57,32.6,60.7,4,22.19,2.31,0.47,0.3462,0
22.55341,88.44381,35.4,99.98,145.56,6.01,0.81,28.67,51.9,6,5.36,1.11,0.85,0.6312,1
22.54996,88.38816,57.06,136.09,242.04,8.87,0.84,25.05,82.1,1,17.22,1.12,0.4,0.8096,1
22.49291,88.42205,2.2,15.69,36.45,6.49,0.95,29.22,89.0,4,23.5,1.3,0.3,0.254,0
22.54243,88.34287,12.48,39.28,72.01,8.39,0.51,15.08,92.2,3,9.57,2.85,0.53,0.5304,1
22.53572,88.37423,2.64,9.11,23.88,9.7,1.36,34.99,47.9,6,8.85,3.76,0.63,0.1865,0
22.57701,88.44433,0.42,6.25,14.54,5.21,0.52,40.24,82.0,2,21.22,1.83,0.78,0.22,0
22.58067,88.37185,27.1,72.42,117.37,6.09,0.59,38.3,81.3,3,10.36,1.11,0.83,0.5223,1
22.46861,88.35156,23.06,66.0,98.49,11.28,0.35,18.93,92.4,5,9.03,3.27,0.75,0.656,1
22.53118,88.37884,4.45,13.45,27.71,9.68,2.58,21.8,57.6,6,12.94,3.74,0.73,0.2781,0
22.57891,88.44565,6.66,19.97,47.49,2.82,0.21,35.49,82.1,4,13.24,1.44,0.75,0.3647,0
22.5556,88.34704,0.6,2.87,11.5,7.35,3.7,28.23,47.7,0,23.36,2.23,0.48,0.1054,0
22.62273,88.31475,45.04,119.37,163.88,6.5,0.86,26.63,76.6,6,17.99,1.51,0.56,0.7827,1
22.58515,88.4224,91.91,164.87,263.52,8.32,0.65,39.51,62.5,2,13.53,1.34,0.72,0.8976,1
22.49096,88.4452,3.64,12.45,28.41,4.86,0.35,26.22,83.4,3,16.22,3.07,0.34,0.3529,0
22.47341,88.30013,6.58,19.87,35.95,4.65,0.39,25.51,88.2,4,25.03,4.1,0.5,0.4959,0
22.58206,88.32797,50.7,109.55,177.33,5.01,0.51,9.43,63.2,2,7.38,3.17,0.58,0.8679,1
22.46504,88.30839,65.25,160.5,295.55,5.24,5.5,10.36,71.3,4,9.36,4.15,0.66,0.9525,1
22.5713,88.34959,13.6,30.39,57.79,8.29,0.51,8.25,50.9,1,25.21,2.39,0.63,0.3622,0
22.63864,88.37007,1.3,9.4,16.2,3.9,1.45,39.05,65.8,2,25.1,3.87,0.79,0.269,0
22.56934,88.42977,1.0,8.62,28.22,5.13,0.77,21.89,63.0,4,8.72,1.66,0.62,0.2617,0
22.53375,88.41023,21.33,60.54,89.38,2.56,3.92,23.93,54.2,3,8.05,1.38,0.91,0.4574,0
22.58222,88.40419,12.48,41.42,84.26,8.72,1.16,36.74,89.7,6,13.84,3.25,0.56,0.4385,0
22.54707,88.35047,0.73,11.39,19.81,9.3,0.26,28.71,52.4,4,6.04,2.19,0.66,0.174,0
22.56367,88.44829,21.88,43.89,63.15,5.78,0.61,28.72,76.8,6,18.75,2.02,0.3,0.4572,0
22.63888,88.37426,0.28,5.97,18.15,5.84,5.03,18.08,89.5,2,6.63,3.15,0.51,0.2919,0
22.53336,88.47582,38.71,100.35,139.84,7.5,1.89,36.35,90.6,6,6.22,2.07,0.89,0.7296,1
22.64263,88.40683,9.15,22.42,51.71,9.74,0.92,13.64,84.7,4,15.19,2.83,0.53,0.4186,0
22.63202,88.30525,1.03,9.79,24.01,7.4,0.37,9.81,53.8,1,25.11,1.96,0.47,0.2318,0
22.4972,88.41524,22.19,44.95,93.45,4.97,0.41,14.51,85.9,5,13.96,3.51,0.67,0.7233,1
22.47318,88.34502,12.67,37.43,82.73,2.94,0.31,17.1,58.8,12,12.49,2.0,0.35,0.562,1
22.47915,88.41727,91.05,222.62,317.96,4.05,0.15,17.6,91.1,3,25.96,2.71,0.66,0.9888,1
22.46346,88.29393,19.64,55.46,105.23,6.66,1.79,30.8,80.5,8,16.17,1.07,0.51,0.4664,0
22.47794,88.31498,8.05,19.63,31.19,5.06,1.54,15.41,84.3,5,12.88,3.53,0.56,0.5107,1
22.58977,88.45115,30.9,82.82,125.37,6.93,1.09,31.01,49.3,3,13.1,2.99,0.84,0.56,1
22.47353,88.32544,7.92,18.62,40.12,5.28,2.85,11.1,74.1,7,9.09,1.62,0.75,0.4288,0
22.52061,88.44741,58.65,128.25,196.1,4.17,1.74,13.0,86.1,3,15.76,1.69,0.6,0.9063,1
22.62053,88.33586,11.74,32.76,59.48,3.91,0.19,25.3,88.1,4,14.22,1.84,0.69,0.5036,1
22.46442,88.40858,19.96,42.48,73.03,9.94,0.96,39.34,46.4,6,10.69,2.84,0.82,0.2963,0
22.61475,88.41883,1.3,13.64,33.97,8.46,1.97,37.23,92.0,4,8.37,2.75,0.81,0.2735,0
22.51355,88.38253,13.88,32.33,69.12,10.31,0.97,40.94,47.2,5,11.54,1.88,0.43,0.1672,0
22.48245,88.34106,44.65,111.49,143.6,7.69,1.05,30.12,75.7,3,15.68,3.22,0.5,0.7467,1
22.59238,88.32253,40.95,91.88,157.28,5.55,0.14,30.98,79.7,3,6.22,3.84,0.54,0.7873,1
22.5795,88.28664,6.35,18.97,42.82,9.41,0.53,29.25,50.4,6,8.23,1.14,0.43,0.1683,0
22.62672,88.34079,6.41,20.85,32.49,6.43,1.46,29.18,47.4,3,24.9,2.34,0.31,0.1857,0
22.59966,88.41063,42.5,74.22,102.43,6.99,0.83,13.0,84.2,3,16.4,2.9,0.42,0.7572,1
22.61266,88.46766,66.62,183.77,301.81,6.41,0.17,26.49,64.2,2,6.33,2.88,0.85,0.9433,1
22.51359,88.45424,2.51,8.15,19.73,2.0,1.94,21.13,50.4,4,19.55,1.06,0.67,0.241,0
22.49371,88.43321,14.95,45.82,70.62,10.03,0.8,23.05,83.1,1,6.3,1.67,0.53,0.3519,0
22.60262,88.43769,10.29,35.54,69.76,7.58,1.04,25.8,87.5,5,20.52,1.2,0.71,0.3976,0
22.6133,88.413,51.14,98.8,163.65,7.23,0.2,12.37,74.4,5,20.75,2.82,0.8,0.8713,1
22.6482,88.33206,2.18,10.34,22.45,6.36,0.12,20.22,53.1,1,18.67,3.07,0.54,0.2509,0
22.5384,88.46144,5.93,16.18,37.77,6.86,1.09,10.16,45.8,1,20.38,1.51,0.62,0.2395,0
22.53068,88.41415,34.91,101.66,185.16,5.19,2.58,41.31,80.0,3,6.85,2.07,0.34,0.6119,1
22.60752,88.39209,1.32,9.46,16.4,7.86,1.9,12.03,72.5,0,20.26,2.06,0.71,0.2566,0
22.52475,88.3022,16.96,45.78,74.37,3.62,1.69,16.79,77.5,2,7.87,3.62,0.54,0.5999,1
22.63684,88.36941,14.59,40.72,60.37,6.91,1.17,38.3,85.7,4,12.13,1.62,0.59,0.3441,0
22.6231,88.37207,10.18,20.38,45.85,7.74,0.24,24.41,66.7,3,24.8,2.75,0.59,0.3293,0
22.54151,88.45291,12.55,38.0,55.05,6.06,0.1,12.61,51.2,4,15.56,3.51,0.73,0.5004,1
22.60267,88.38933,18.87,54.36,85.38,7.32,5.5,21.06,92.0,1,25.32,3.65,0.69,0.5192,1
22.60336,88.35608,4.4,15.58,34.87,4.32,0.79,11.94,72.3,1,6.87,3.13,0.59,0.4236,0
22.47959,88.47536,21.22,49.67,78.36,4.38,0.55,14.81,75.8,2,15.03,1.96,0.31,0.5383,1
22.63149,88.30214,40.92,76.04,105.11,7.02,1.02,9.77,91.7,1,6.31,3.63,0.72,0.8182,1
22.556,88.36451,35.69,76.19,134.37,7.99,0.35,22.9,91.6,2,18.23,3.37,0.9,0.771,1
22.61703,88.2884,4.18,16.04,31.06,2.38,0.61,35.43,73.6,3,6.65,3.25,0.82,0.3823,0
22.52081,88.42798,4.04,13.11,26.76,7.65,3.63,27.92,59.9,3,8.68,1.22,0.97,0.176,0
22.63015,88.46362,7.81,17.65,34.9,5.3,1.3,28.62,94.9,3,10.44,1.14,0.39,0.3084,0
22.53395,88.33601,11.2,26.9,54.51,6.08,1.57,14.82,79.0,1,20.72,3.23,0.45,0.4421,0
22.46206,88.45167,13.13,38.36,72.03,3.55,0.86,19.69,65.4,3,8.44,4.02,0.67,0.5651,1
22.63202,88.33844,28.46,72.57,122.34,4.63,2.33,36.74,73.0,4,22.78,3.48,0.46,0.5852,1
22.47734,88.46215,1.46,7.98,17.88,8.63,2.28,10.99,65.8,4,7.77,3.66,0.32,0.2863,0
22.52067,88.43079,0.88,8.08,23.0,6.57,0.78,37.17,89.4,8,5.74,2.74,0.57,0.3173,0
22.64051,88.44098,12.44,39.8,81.58,5.66,0.96,24.45,69.1,1,13.3,1.97,0.5,0.3651,0
22.64062,88.2836,29.86,81.87,109.01,6.24,2.64,36.46,86.2,10,25.57,3.17,0.48,0.6742,1
22.56895,88.47256,5.37,13.67,26.24,7.58,1.02,18.81,87.0,1,7.32,3.28,0.95,0.4153,0
22.58005,88.42533,25.65,48.33,95.3,7.47,0.69,19.52,86.2,0,7.14,3.16,0.46,0.5702,1
22.5452,88.34095,7.52,19.02,38.54,6.33,0.74,33.55,81.1,3,20.77,4.03,0.39,0.3543,0
22.51571,88.44588,54.31,97.45,136.1,8.9,0.61,34.69,87.7,4,11.56,2.17,0.39,0.7205,1
22.52245,88.3363,56.51,134.97,194.63,8.64,1.0,15.81,64.4,4,20.06,1.13,0.85,0.8372,1
22.58778,88.45455,8.82,29.41,56.7,7.41,0.63,41.08,50.7,5,9.2,3.91,0.79,0.2935,0
22.60295,88.30252,6.53,17.91,29.33,6.62,1.0,10.87,87.1,2,14.66,1.51,0.39,0.3597,0
22.6104,88.42074,13.25,38.42,76.22,7.95,0.47,10.33,69.9,4,10.57,3.23,0.45,0.5123,1
22.61003,88.38814,6.88,20.15,37.47,7.19,1.32,28.25,51.4,4,14.48,3.79,0.81,0.3055,0
22.47733,88.29931,27.9,71.09,125.28,8.83,1.49,32.57,50.8,3,21.15,1.99,0.49,0.3761,0
22.55394,88.32838,43.73,114.07,153.97,8.48,1.71,40.67,53.0,5,21.0,3.66,0.97,0.6914,1
22.47094,88.28248,27.95,53.77,97.14,4.26,1.51,21.77,82.5,2,15.83,2.06,0.67,0.6121,1
22.56441,88.37375,43.48,95.54,171.34,4.11,2.19,8.86,80.5,1,24.5,3.54,0.43,0.8514,1
22.54389,88.34025,12.65,39.58,79.19,4.96,1.08,28.5,55.2,6,10.54,1.22,0.88,0.3749,0
22.62866,88.39967,4.25,10.44,22.65,8.65,0.99,17.85,87.3,2,10.05,3.1,0.52,0.3387,0
22.52667,88.33945,33.48,74.16,102.43,3.03,0.54,22.72,59.1,1,17.89,3.17,0.5,0.6529,1
22.48224,88.33998,11.18,28.6,48.86,7.37,1.84,24.61,84.6,1,18.05,2.57,0.52,0.3495,0
22.48717,88.42864,27.81,84.83,116.91,7.3,0.57,10.19,69.4,6,5.98,3.2,0.82,0.7709,1
22.60469,88.28963,7.89,19.59,41.77,9.06,0.11,24.52,81.6,3,17.76,3.95,0.42,0.3766,0
22.57746,88.46058,2.12,11.42,30.57,6.9,0.51,22.49,64.1,6,12.86,3.35,0.56,0.3323,0
22.47921,88.45045,122.6,262.97,395.07,3.54,1.96,32.23,62.4,1,20.7,4.08,0.32,0.99,1
22.47598,88.41356,4.25,15.44,39.83,4.39,1.66,29.95,87.1,6,21.97,2.44,0.86,0.4156,0
22.59318,88.39864,111.46,260.92,320.51,3.9,1.21,14.3,46.8,4,16.6,2.69,0.53,0.9896,1
22.47382,88.45846,94.61,258.68,349.03,5.32,4.75,15.01,93.7,2,5.04,1.84,0.47,0.9858,1
22.61615,88.31707,39.47,85.95,113.04,6.1,1.33,16.53,77.4,3,18.36,4.15,0.69,0.8062,1
22.59419,88.29579,26.93,68.72,103.44,3.94,0.43,14.08,66.6,4,20.73,1.18,0.78,0.6535,1
22.47546,88.3279,21.56,55.1,109.38,9.74,0.39,30.35,76.4,4,10.23,2.15,0.85,0.48,0
22.47612,88.43892,50.27,110.37,152.13,3.58,1.51,41.81,51.1,3,14.76,1.95,0.54,0.6465,1
22.64746,88.28693,8.54,20.44,42.54,9.46,2.95,30.17,70.7,2,25.28,2.24,0.85,0.2268,0
22.53111,88.39656,15.76,30.47,54.28,9.11,0.98,28.63,94.3,2,11.26,3.94,0.62,0.4649,0
22.53042,88.47909,24.15,44.54,90.23,8.48,1.36,21.94,56.8,9,9.69,2.18,0.37,0.4449,0
22.61443,88.45114,13.24,43.13,64.44,4.97,1.42,18.63,81.1,2,9.43,3.93,0.88,0.605,1
22.63998,88.38429,13.94,29.71,50.31,7.25,4.88,38.98,66.7,1,16.73,2.35,0.67,0.1975,0
22.64734,88.29273,10.02,25.92,41.47,3.69,2.1,40.95,77.6,3,24.95,3.74,0.71,0.3746,0
22.60314,88.44627,20.77,59.56,96.57,8.5,2.51,24.89,55.2,5,17.78,2.67,0.94,0.4585,0
22.53149,88.3998,47.52,97.66,145.15,6.34,0.41,17.87,68.5,1,11.37,2.0,0.68,0.7595,1
22.47587,88.30299,5.63,14.51,35.69,5.6,0.57,34.18,94.0,3,18.41,2.44,0.3,0.3122,0
22.60766,88.29877,68.12,127.87,212.58,3.81,0.53,12.5,54.8,5,18.12,2.36,0.89,0.9295,1
22.5661,88.46193,29.21,84.27,145.86,2.0,0.79,34.03,76.8,1,17.54,1.83,0.49,0.6311,1
22.5406,88.41384,43.33,122.34,193.88,4.22,1.05,35.84,73.8,5,8.35,1.93,0.64,0.7898,1
22.63221,88.44586,20.31,58.62,83.55,8.95,1.28,12.25,73.3,1,18.33,1.6,0.44,0.4408,0
22.48113,88.4558,37.8,82.32,134.41,5.61,0.92,41.21,75.8,7,14.03,2.08,0.5,0.6315,1
22.5536,88.39435,0.41,3.73,17.33,6.13,0.52,41.51,70.1,3,5.39,3.0,0.77,0.2155,0
22.46216,88.38349,42.65,82.78,154.54,7.94,0.32,39.85,45.8,6,16.34,2.24,0.59,0.544,1
22.54905,88.36609,1.02,5.51,18.98,10.47,1.4,24.87,90.0,2,25.77,3.28,0.73,0.2754,0
22.4707,88.34339,55.16,94.67,180.43,9.42,1.75,16.37,86.3,2,12.34,4.16,0.86,0.8733,1
22.48258,88.36692,120.59,284.75,374.47,4.36,0.82,27.79,53.7,4,25.28,2.21,0.53,0.99,1
22.48233,88.43478,8.71,22.72,38.79,2.23,0.14,22.28,65.7,2,7.02,2.48,0.69,0.4233,0
22.58335,88.40038,5.9,18.02,30.08,11.69,2.08,15.0,83.5,2,20.38,1.53,0.83,0.2659,0
22.60175,88.4585,36.24,63.28,100.71,11.49,0.79,22.4,94.0,4,7.4,2.26,0.79,0.6389,1
22.57084,88.36868,7.29,21.73,31.23,6.91,0.22,30.57,92.6,4,10.75,3.33,0.67,0.4266,0
22.64281,88.40142,50.17,129.68,205.56,3.7,0.97,10.41,90.0,4,16.99,1.7,0.56,0.9156,1
22.53123,88.40626,2.71,10.34,29.32,8.62,2.19,19.34,52.9,4,17.45,1.58,0.58,0.1807,0
22.51429,88.39834,3.37,13.47,35.33,6.26,0.66,8.61,90.7,5,21.28,2.2,0.59,0.4772,0
22.62503,88.42053,96.76,186.13,330.08,6.25,0.1,33.48,88.9,4,17.92,3.62,0.54,0.98,1
22.50248,88.32749,28.01,74.19,141.25,8.47,0.75,29.78,63.8,3,17.47,3.0,0.78,0.571,1
22.64301,88.38247,46.91,113.71,148.59,7.24,0.49,10.13,64.7,3,24.16,4.06,0.39,0.8452,1
22.46231,88.30084,9.8,26.95,38.79,3.89,1.13,40.8,68.0,2,14.5,3.89,0.96,0.3803,0
22.64428,88.3569,28.21,56.39,102.76,5.79,0.99,8.77,77.8,4,9.73,1.48,0.83,0.6812,1
22.4682,88.37753,22.55,56.53,84.86,7.95,0.61,28.06,58.0,5,8.4,1.14,0.5,0.3652,0
22.62932,88.41044,23.1,63.24,92.03,7.62,0.57,34.4,46.1,3,13.4,2.28,0.33,0.3205,0
22.56026,88.47011,28.68,66.65,97.22,7.08,2.71,34.79,52.1,3,19.97,2.67,0.78,0.4204,0
22.64866,88.40013,21.41,46.79,76.66,8.55,1.5,9.17,67.0,5,5.89,2.65,0.8,0.5673,1
22.47402,88.42872,14.01,41.68,71.74,5.7,1.47,38.82,59.1,6,7.71,1.43,0.96,0.3301,0
22.56523,88.38125,8.07,22.56,42.5,6.89,1.99,39.23,83.2,3,7.23,1.4,0.47,0.217,0
22.64417,88.40682,36.59,83.4,137.99,2.0,0.78,27.09,50.3,4,17.29,1.15,0.36,0.5965,1
22.55939,88.29419,6.41,15.89,31.34,5.51,3.26,24.39,90.9,3,10.1,3.72,0.92,0.4472,0
22.57959,88.33088,29.47,59.66,91.99,8.18,1.29,9.53,89.8,6,8.49,4.03,0.48,0.7589,1
22.59219,88.35237,6.64,22.37,35.76,5.64,1.09,27.11,90.4,3,17.45,1.37,0.79,0.3597,0
22.54636,88.3745,24.54,52.33,74.72,5.47,1.28,21.92,82.0,1,20.99,1.68,0.34,0.4771,0
22.57924,88.28913,34.37,97.98,150.65,4.21,0.75,34.28,50.3,3,11.98,1.29,0.82,0.5883,1
22.57102,88.308,6.17,21.59,42.73,8.71,0.51,21.73,66.9,3,17.14,3.81,0.39,0.3257,0
22.63122,88.33536,1.55,7.15,25.61,7.71,2.36,31.24,51.6,1,7.06,4.07,0.77,0.1966,0
22.46863,88.47431,3.51,15.27,36.53,8.32,0.29,11.45,94.4,2,24.64,1.84,0.66,0.3977,0
22.51338,88.34627,23.28,67.56,102.57,2.7,0.32,12.52,61.7,4,12.07,1.97,0.95,0.7027,1
22.64058,88.37641,47.34,125.9,210.55,6.15,0.89,12.75,74.3,4,25.95,2.16,0.33,0.8558,1
22.62915,88.31922,1.15,8.34,25.89,5.88,0.41,9.55,84.0,2,25.55,2.61,0.5,0.3972,0
22.54657,88.40216,33.12,84.79,137.84,5.88,0.14,26.41,91.0,2,21.36,3.18,0.35,0.7311,1
22.57783,88.33614,10.44,29.31,54.36,5.14,0.31,34.99,82.8,3,5.42,2.61,0.9,0.4276,0
22.5127,88.3214,16.28,39.9,70.12,5.74,0.43,28.75,78.7,2,16.41,4.04,0.7,0.5353,1
22.49574,88.38331,66.08,123.33,206.92,8.37,1.34,27.55,68.3,1,6.82,1.32,0.66,0.7906,1
22.5481,88.2811,10.09,27.43,56.56,2.29,0.83,31.14,75.3,4,23.8,3.56,0.39,0.4584,0
22.52714,88.28153,15.65,34.14,50.16,10.41,2.06,19.55,49.7,2,21.58,2.07,0.63,0.2437,0
22.57089,88.32381,0.34,5.62,16.09,7.56,0.29,20.31,89.2,2,25.42,2.21,0.57,0.2994,0
22.47477,88.28734,2.13,6.84,18.78,6.41,0.35,18.69,72.2,2,17.78,3.27,0.51,0.3219,0
22.64514,88.30161,7.48,28.7,45.92,8.5,1.18,32.21,47.0,4,15.97,3.97,0.83,0.283,0
22.64738,88.34777,0.71,8.34,22.52,3.31,0.49,13.5,91.0,2,15.9,3.29,0.34,0.4558,0
22.59265,88.44052,24.95,65.76,126.19,5.04,0.71,8.44,69.5,2,13.12,3.48,0.74,0.7393,1
22.56186,88.39441,13.9,35.68,51.7,6.23,0.31,28.27,88.4,3,14.84,3.4,0.86,0.5339,1
22.51881,88.38253,19.86,36.4,64.85,9.5,0.29,40.04,87.8,3,18.34,2.03,0.92,0.3777,0
22.61462,88.3387,4.8,18.75,38.36,6.4,0.47,28.72,85.8,5,24.59,3.42,0.81,0.4393,0
22.5901,88.46635,8.77,19.96,35.13,7.49,2.15,34.62,48.1,2,17.51,3.51,0.49,0.1941,0
22.4909,88.3594,27.25,67.48,126.91,5.2,0.21,30.87,57.4,5,23.0,2.71,0.71,0.5898,1
22.63308,88.29742,84.03,185.34,352.56,7.57,2.35,24.91,88.8,4,23.12,2.72,0.4,0.966,1
22.61628,88.40341,1.29,10.61,29.51,10.19,2.0,32.43,89.9,3,15.9,3.43,0.38,0.2298,0
22.64046,88.30277,55.27,108.01,164.26,8.69,0.61,36.02,67.9,3,12.3,3.61,0.73,0.7747,1
22.59789,88.34904,21.5,46.21,80.24,6.32,0.99,15.64,67.0,1,18.43,2.08,0.88,0.5139,1
22.57655,88.38148,20.75,50.48,81.28,7.99,1.26,19.43,53.8,5,14.36,3.56,0.35,0.4604,0
22.53947,88.45484,17.34,49.88,98.41,7.77,1.68,15.61,93.4,1,6.71,3.61,0.37,0.5788,1
22.63722,88.37871,1.8,8.06,18.91,7.61,0.35,23.37,55.7,0,12.93,1.75,0.68,0.1781,0
22.62455,88.42045,2.35,11.87,24.2,8.95,1.84,38.09,54.5,2,25.88,3.29,0.45,0.1403,0
22.46859,88.47856,22.96,50.57,85.39,8.93,1.06,19.74,78.0,4,6.02,1.6,0.72,0.4912,0
22.46501,88.3063,10.42,22.43,40.68,6.22,0.37,20.73,57.1,3,19.63,1.3,0.45,0.2674,0
22.53153,88.33495,62.3,175.44,222.95,7.91,1.07,37.25,91.9,4,22.66,2.84,0.38,0.9005,1
22.61401,88.35892,13.05,35.36,69.87,5.66,0.37,25.52,45.5,4,18.62,3.91,0.67,0.4197,0
22.64758,88.36437,3.87,11.91,26.93,4.47,0.96,26.21,45.3,3,16.96,1.11,0.89,0.2111,0
22.48858,88.3622,31.36,76.5,118.05,5.91,0.63,37.27,70.2,0,19.86,3.64,0.77,0.5972,1
22.57288,88.46152,8.68,18.92,37.83,6.33,1.12,24.68,69.4,1,14.02,2.62,0.86,0.3324,0
22.53237,88.42281,18.64,54.22,104.49,2.84,1.18,31.17,53.2,5,6.92,3.75,0.48,0.5293,1
22.64428,88.40158,29.92,63.73,92.64,8.39,2.6,10.91,69.7,4,25.21,3.7,0.9,0.6845,1
22.62,88.34187,57.63,145.76,270.49,2.0,1.6,14.07,65.6,2,14.08,3.8,0.56,0.9431,1
22.61928,88.44476,39.28,77.09,146.01,12.47,1.38,21.75,89.5,4,18.97,3.46,0.88,0.7308,1
22.54905,88.47101,28.2,77.57,150.66,9.8,0.13,24.82,45.5,3,16.16,3.7,0.62,0.5481,1
22.53882,88.44424,28.46,76.26,114.79,5.93,2.1,40.83,93.8,5,6.15,1.56,0.48,0.5418,1
22.51195,88.28031,72.93,180.89,258.65,6.52,0.66,41.0,76.2,5,25.01,1.97,0.48,0.9118,1
22.47071,88.40728,8.77,25.37,47.67,7.17,0.31,36.94,52.6,5,21.64,1.78,0.69,0.2259,0
22.6243,88.29023,0.03,3.75,10.89,5.2,4.2,18.73,47.3,3,8.13,3.38,0.35,0.188,0
22.61445,88.33152,7.93,20.41,34.17,6.92,0.49,40.78,71.9,2,25.61,1.49,0.93,0.229,0
22.64995,88.2919,6.14,17.52,34.56,6.18,2.81,31.44,56.7,2,20.47,1.58,0.48,0.165,0
22.64936,88.40076,27.11,55.49,97.73,6.29,1.27,21.36,60.1,0,14.92,3.81,0.53,0.5349,1
22.56553,88.41732,25.11,72.33,134.37,6.9,1.51,31.86,57.3,6,17.84,3.26,0.46,0.5338,1
22.60611,88.3029,22.5,49.73,69.14,3.61,0.96,8.56,77.5,2,7.24,3.8,0.3,0.6738,1
22.63951,88.35677,0.41,2.73,12.18,6.59,0.39,12.97,72.7,6,16.77,1.45,0.77,0.3285,0
22.62143,88.37125,32.62,84.02,156.18,6.86,1.76,36.21,48.9,1,6.55,2.28,0.7,0.47,0
22.507,88.35381,9.77,20.73,43.58,6.78,1.2,29.95,71.3,1,16.44,1.91,0.85,0.2823,0
22.5456,88.30421,27.34,56.06,104.77,6.03,1.18,20.38,84.6,5,16.61,1.03,0.33,0.5532,1
22.48454,88.36379,20.33,47.13,87.86,9.0,1.04,25.02,49.1,2,23.36,1.91,0.93,0.3474,0
22.64127,88.43024,10.49,29.36,59.39,5.72,0.77,38.77,89.5,4,20.23,2.21,0.53,0.36,0
22.57517,88.2942,3.61,11.73,25.05,7.0,1.77,29.47,73.9,1,10.24,1.3,0.92,0.2145,0
22.50344,88.29604,2.48,8.85,26.04,9.35,1.48,21.54,92.5,4,23.66,2.81,0.37,0.2994,0
22.58762,88.35095,44.52,126.98,156.41,6.33,1.92,12.09,52.4,7,17.04,2.23,0.81,0.8262,1
22.57744,88.46835,62.65,178.87,221.11,6.97,0.8,17.99,94.7,4,17.73,1.15,0.69,0.9371,1
22.52805,88.41371,26.23,57.06,84.41,6.29,0.74,41.26,77.2,0,8.55,3.25,0.54,0.4467,0
22.48158,88.41573,2.73,7.62,16.54,9.22,0.58,22.87,73.4,4,23.01,3.33,0.35,0.2621,0
22.5876,88.35238,12.86,26.47,46.8,5.93,1.07,24.04,70.8,7,24.55,3.67,0.71,0.501,1
22.55886,88.39873,32.64,85.52,120.7,9.32,0.14,24.95,46.2,5,21.27,2.55,0.32,0.5071,1
22.60674,88.28203,37.83,101.74,133.37,6.27,5.5,38.06,92.0,1,24.76,4.1,0.64,0.6779,1
22.55883,88.40722,3.15,11.17,26.63,4.61,0.52,28.53,77.2,1,11.35,3.93,0.71,0.3709,0
22.62191,88.46266,0.0,4.27,13.84,7.99,2.53,31.59,49.6,3,23.08,2.76,0.8,0.1521,0
22.56486,88.40251,31.13,83.96,154.34,5.83,0.65,21.24,46.0,2,15.27,2.42,0.97,0.6417,1
22.56658,88.45474,11.02,25.82,39.53,7.87,1.58,8.99,47.5,4,8.44,1.01,0.48,0.2614,0
22.62656,88.42479,7.34,16.7,41.05,2.0,3.47,39.65,75.5,3,19.04,3.28,0.52,0.3061,0
22.53666,88.30411,0.32,7.7,22.21,6.51,1.51,40.27,75.7,1,19.37,2.81,0.53,0.1811,0
22.48546,88.46049,19.43,42.03,80.81,5.49,3.33,40.27,70.0,5,11.03,4.0,0.8,0.4516,0
22.46547,88.29329,47.62,102.37,178.41,4.16,2.42,40.09,60.3,6,5.58,2.9,0.93,0.7647,1
22.60348,88.38679,79.03,202.94,253.44,5.28,0.36,35.72,71.6,5,9.2,4.18,0.96,0.9711,1
22.57786,88.30843,20.85,59.38,120.07,5.24,1.78,31.28,70.8,4,13.4,3.73,0.94,0.6151,1
22.59378,88.28234,18.06,42.14,84.18,6.39,1.32,36.71,46.0,3,8.52,4.05,0.9,0.3921,0
22.50046,88.36441,2.22,9.2,25.59,3.49,0.48,28.42,59.1,4,9.07,2.05,0.97,0.305,0
22.48591,88.33901,19.9,49.21,91.37,7.2,2.26,12.57,47.7,3,13.22,1.48,0.56,0.3777,0
22.46276,88.3772,11.95,37.05,57.65,9.51,0.28,21.3,90.0,2,25.2,3.55,0.94,0.5215,1
22.52661,88.39544,23.36,54.72,112.2,7.12,2.15,41.02,81.3,2,21.05,3.52,0.82,0.4937,0
22.57208,88.28875,12.31,38.94,57.09,8.28,1.8,19.94,94.8,3,11.71,1.68,0.41,0.3997,0
22.53453,88.3046,6.87,24.55,45.08,8.91,1.09,37.51,60.1,4,24.98,3.45,0.33,0.2136,0
22.54312,88.39173,2.49,10.54,21.1,9.22,0.55,11.17,88.9,3,18.56,2.86,0.45,0.3645,0
22.63179,88.34863,9.46,27.37,59.74,10.61,1.76,19.36,75.2,0,14.56,1.35,0.83,0.2625,0
22.52617,88.42583,2.54,13.6,30.38,5.4,0.1,19.93,67.7,3,14.83,2.61,0.73,0.3523,0
22.55766,88.41046,4.87,16.27,24.51,4.92,0.45,9.75,56.1,8,13.63,3.98,0.45,0.4819,0
22.60889,88.44912,109.23,205.38,333.17,8.22,0.98,12.05,81.9,4,9.89,2.62,0.8,0.9889,1
22.53534,88.4185,14.68,47.95,84.8,8.06,1.09,14.57,90.2,3,13.12,3.52,0.4,0.5757,1
22.5782,88.36599,18.98,55.32,98.47,8.21,0.46,36.49,56.8,6,16.09,1.09,0.86,0.3515,0
22.62385,88.41459,51.71,104.91,151.75,10.66,0.47,10.16,53.8,4,16.09,3.33,0.84,0.8091,1
22.64041,88.33508,135.48,300.0,372.97,6.53,1.55,18.16,79.8,1,21.0,4.03,0.96,0.99,1
22.48794,88.34126,21.85,44.05,84.56,7.44,0.37,8.35,93.8,5,12.53,2.6,0.4,0.6647,1
22.63605,88.4378,41.85,76.79,156.24,4.34,0.7,31.65,82.5,3,20.05,2.08,0.92,0.7561,1
22.5535,88.36928,9.9,25.22,54.31,11.2,0.27,29.09,59.2,6,17.14,3.07,0.53,0.2731,0
22.50907,88.43968,9.12,25.24,45.11,5.76,1.03,29.93,66.0,6,25.2,3.93,0.58,0.4086,0
22.54724,88.44448,12.88,38.42,74.18,5.82,0.81,20.73,64.2,4,13.09,1.57,0.62,0.3972,0
22.64621,88.45151,27.91,51.77,85.8,5.74,0.1,15.08,87.6,4,23.93,2.29,0.73,0.6971,1
22.5536,88.46333,28.66,83.56,134.5,5.08,0.21,32.49,83.6,6,22.23,1.5,0.98,0.7062,1
22.52246,88.3662,9.47,21.27,44.51,4.9,2.65,35.58,74.4,4,18.39,2.59,0.71,0.3139,0
22.58035,88.34377,3.57,10.13,22.85,5.35,0.5,12.71,58.7,2,18.74,2.73,0.93,0.3678,0
22.50563,88.39644,25.02,45.73,91.28,3.5,1.35,24.55,91.9,3,6.78,4.02,0.47,0.688,1
22.47441,88.35423,3.43,12.98,26.92,4.77,0.34,16.46,77.7,5,24.95,2.32,0.57,0.4096,0
22.48449,88.40021,21.6,65.66,102.15,10.79,2.95,13.72,93.5,2,7.25,2.81,0.64,0.5723,1
22.48433,88.42112,29.56,77.85,116.11,8.12,0.13,32.97,74.0,3,16.83,3.83,0.52,0.6122,1
22.48886,88.41768,30.15,83.99,110.88,8.54,2.45,26.3,86.1,3,11.93,2.03,0.96,0.6247,1
22.48638,88.35491,35.01,60.84,104.55,9.09,1.09,15.35,85.7,6,14.03,3.16,0.79,0.7397,1
22.58177,88.31337,51.56,122.52,175.92,10.54,1.72,18.54,61.9,1,17.81,3.42,0.63,0.7725,1
22.49456,88.36611,17.33,42.09,60.1,2.6,2.68,40.87,93.2,4,24.09,2.06,0.81,0.474,0
22.52568,88.30852,32.76,74.86,128.47,3.79,1.23,36.86,46.1,2,14.61,1.53,0.62,0.4535,0
22.63039,88.45802,24.14,44.9,87.02,4.73,3.55,37.92,83.4,4,25.74,2.61,0.31,0.4212,0
22.55005,88.34918,5.16,17.67,40.7,5.47,2.65,23.64,93.3,2,17.45,2.14,0.67,0.3587,0
22.58684,88.31089,0.65,8.25,21.01,5.84,1.68,29.21,61.9,3,8.37,1.85,0.73,0.2027,0
22.49274,88.28509,8.37,25.71,59.94,5.52,2.34,20.81,77.4,2,8.99,4.11,0.97,0.503,1
22.49653,88.40916,14.63,34.51,71.23,6.98,0.99,10.64,73.1,2,20.04,2.61,0.33,0.454,0
22.46777,88.40738,24.0,47.82,96.37,6.58,0.39,21.64,83.1,3,6.06,3.74,0.65,0.6477,1
22.4921,88.34812,47.42,117.99,202.61,4.91,5.15,28.2,88.3,1,15.09,1.63,0.37,0.7337,1
22.51293,88.29434,5.46,15.24,26.45,2.0,1.06,17.76,75.2,5,8.11,4.01,0.4,0.5077,1
22.49363,88.36193,3.35,15.72,43.22,4.32,1.28,36.83,85.8,7,14.1,3.54,0.72,0.4222,0
22.47685,88.34224,82.75,200.31,289.79,5.29,0.23,13.14,60.6,1,20.75,3.59,0.46,0.9713,1
22.48292,88.41542,2.86,8.92,19.61,5.96,2.81,20.48,56.4,3,14.64,2.25,0.81,0.2383,0
22.54755,88.40116,16.28,48.6,83.55,4.01,1.25,12.25,66.5,4,8.43,2.55,0.65,0.5853,1
22.4992,88.35292,22.02,51.85,71.07,5.42,1.55,21.76,78.9,2,10.29,2.9,0.45,0.5308,1
22.52921,88.32358,19.49,39.28,84.53,4.01,1.73,9.35,54.4,1,12.72,3.53,0.64,0.5541,1
22.55565,88.47761,2.25,13.19,22.08,6.22,0.49,17.27,79.0,3,6.46,3.72,0.3,0.376,0
22.59118,88.3708,1.47,7.16,16.33,4.14,2.75,21.62,64.7,3,17.27,1.25,0.89,0.2453,0
22.46747,88.41765,2.79,11.66,30.29,4.63,1.37,24.26,84.8,4,17.76,3.89,0.31,0.3948,0
22.61189,88.30811,22.02,64.78,107.53,3.62,0.1,26.49,46.8,2,6.31,4.0,0.3,0.5343,1
22.5793,88.37712,19.65,60.54,82.62,6.16,2.34,17.35,78.4,2,13.45,2.9,0.72,0.5739,1
22.47553,88.28551,6.66,20.53,37.4,4.59,0.91,25.78,77.5,4,13.69,1.6,0.96,0.3857,0
22.62598,88.38109,25.39,57.1,110.69,8.49,0.54,25.31,92.0,4,12.01,3.62,0.88,0.6874,1
22.63497,88.4728,42.88,113.73,181.23,7.39,0.15,18.75,80.7,4,16.71,2.76,0.47,0.8307,1
22.4716,88.35684,1.06,5.01,16.06,6.35,0.7,36.23,84.8,3,12.27,3.62,0.43,0.2698,0
22.51261,88.2878,17.24,41.62,63.34,4.75,0.63,26.55,90.2,0,13.74,3.61,0.73,0.5678,1
22.61318,88.28619,29.22,70.22,106.23,7.34,2.54,19.3,78.8,4,21.75,1.28,0.86,0.5911,1
22.60217,88.3576,7.27,16.24,35.27,8.02,0.58,40.21,59.5,5,8.4,2.94,0.55,0.2156,0
22.49506,88.312,9.2,23.88,45.74,6.81,0.19,36.73,88.5,3,18.0,2.55,0.59,0.344,0
22.49978,88.28467,23.77,64.5,130.16,10.03,1.57,41.41,82.4,5,15.62,4.03,0.38,0.4924,0
22.53039,88.43124,57.05,156.82,284.3,7.51,2.64,31.54,66.2,1,11.41,1.95,0.4,0.8114,1
22.55206,88.3717,41.51,78.61,120.94,8.51,0.75,20.86,80.5,4,20.28,1.66,0.69,0.6864,1
22.57747,88.33785,21.87,38.49,66.49,6.79,4.07,17.55,88.4,3,16.57,3.87,0.37,0.5327,1
22.53009,88.46002,32.75,69.69,128.11,7.99,2.32,30.55,93.8,2,15.02,1.48,0.44,0.533,1
22.54788,88.30323,11.35,33.44,54.31,4.75,2.82,41.35,92.6,3,19.02,3.2,0.46,0.3672,0
22.60202,88.47118,25.61,51.65,75.6,5.49,1.53,29.31,61.3,2,21.85,1.96,0.6,0.4114,0
22.46697,88.34279,15.69,43.53,92.28,7.27,1.39,37.97,66.1,2,25.43,2.82,0.33,0.3003,0
22.50796,88.45768,5.27,14.12,34.75,7.25,0.56,19.19,50.5,4,18.22,2.97,0.64,0.2919,0
22.59554,88.40059,30.24,75.64,146.15,7.62,3.42,21.84,57.4,3,23.36,2.34,0.93,0.5656,1
22.63009,88.44534,20.32,48.63,76.06,8.92,3.01,38.81,89.1,3,5.02,4.12,0.32,0.4043,0
22.55722,88.4768,11.1,30.8,62.57,3.37,3.48,33.73,63.0,3,16.13,1.42,0.73,0.2776,0
22.5611,88.33768,60.57,120.12,169.46,4.36,1.0,41.37,76.0,4,9.51,2.25,0.87,0.8358,1
22.48036,88.47223,0.53,8.45,17.3,7.01,0.76,34.34,78.3,3,6.98,2.38,0.51,0.2162,0
22.54501,88.3579,9.49,24.29,48.91,4.91,1.9,23.25,84.1,3,16.17,3.02,0.39,0.4134,0
22.5612,88.3571,1.46,13.25,22.99,13.93,0.66,26.06,54.1,3,20.68,2.3,0.33,0.116,0
22.50607,88.34808,36.37,100.26,139.17,7.63,1.01,38.62,60.2,2,13.66,1.31,0.74,0.509,1
22.51116,88.38828,30.28,59.96,91.97,6.33,0.1,26.76,67.4,4,19.07,4.03,0.68,0.6523,1
22.53168,88.31083,10.06,31.35,44.69,5.37,1.29,16.68,63.2,4,15.28,2.33,0.46,0.3825,0
22.46381,88.39074,28.15,72.56,133.19,5.44,1.67,22.81,94.1,3,14.18,2.1,0.87,0.7177,1
22.5212,88.38834,12.6,27.07,48.1,6.57,2.87,25.55,86.7,3,11.1,2.43,0.8,0.4024,0
22.50018,88.43238,35.29,78.8,111.98,6.75,1.96,11.29,69.0,3,13.03,1.69,0.49,0.6406,1
22.52222,88.44673,15.14,34.75,53.5,5.5,2.23,33.29,89.0,3,12.35,1.32,0.81,0.3785,0
22.48275,88.36809,13.29,36.44,56.36,5.9,3.88,11.72,62.4,5,18.57,1.48,0.47,0.3577,0
22.6292,88.34047,68.23,173.48,292.8,9.46,0.46,21.77,84.3,3,7.44,1.53,0.76,0.9331,1
22.57278,88.33187,7.22,16.44,26.93,9.55,0.37,35.36,56.2,3,6.95,1.63,0.38,0.1419,0
22.58903,88.31892,3.21,13.32,24.86,7.05,1.21,23.9,83.6,4,18.86,2.34,0.77,0.3374,0
22.60994,88.29153,21.96,64.39,87.27,3.55,0.32,36.63,67.8,0,16.47,3.0,0.46,0.4745,0
22.5547,88.34849,87.11,242.44,341.47,7.68,1.36,19.62,50.4,2,14.03,3.01,0.69,0.9727,1
22.47651,88.33405,11.86,33.93,71.54,9.92,0.34,40.56,58.7,5,8.2,1.0,0.42,0.1771,0
22.56205,88.47328,1.6,6.67,18.68,9.51,0.42,15.12,65.1,5,13.63,3.95,0.79,0.3554,0
22.5715,88.39154,10.36,27.35,40.93,8.12,0.15,9.3,82.5,4,21.58,3.63,0.34,0.5097,1
22.60163,88.34946,17.63,40.96,86.73,9.63,1.27,37.66,48.6,4,23.68,4.08,0.41,0.2921,0
22.54202,88.39609,4.42,16.33,28.82,6.62,0.24,33.57,78.0,1,19.75,2.15,0.43,0.2303,0
22.48424,88.30784,26.83,63.97,124.89,7.88,1.59,15.89,80.8,4,6.26,3.13,0.33,0.6374,1
22.51392,88.36881,152.41,300.0,450.0,5.0,1.81,41.48,77.7,0,19.08,1.54,0.81,0.99,1
22.52899,88.40525,15.03,36.99,69.04,7.14,0.51,25.08,83.0,5,10.06,3.61,0.97,0.5837,1
22.58272,88.37778,10.95,33.93,71.36,9.42,2.01,40.34,53.9,1,11.62,1.52,0.83,0.1656,0
22.56845,88.36036,12.8,38.17,57.6,5.2,1.84,25.17,74.4,4,9.11,2.04,0.89,0.4419,0
22.52766,88.47877,3.06,9.52,25.3,4.6,2.42,24.04,92.1,3,21.29,2.57,0.3,0.3236,0
22.64744,88.45606,53.7,112.17,182.91,6.71,0.47,23.27,75.5,5,18.62,2.9,0.38,0.8441,1
22.5751,88.40468,13.4,34.05,51.22,6.0,0.45,19.39,75.6,0,17.85,2.79,0.68,0.4441,0
22.50507,88.39388,12.25,32.68,47.86,7.93,1.73,26.15,81.8,3,19.03,1.33,0.96,0.3557,0
22.47934,88.40413,26.95,55.89,76.77,5.5,1.2,23.39,61.7,3,9.97,2.35,0.75,0.5254,1
22.48904,88.32026,14.59,42.39,79.67,10.28,1.3,9.25,80.0,5,14.34,3.95,0.55,0.5738,1
22.50673,88.35903,26.12,61.18,112.17,3.66,2.94,16.85,90.8,6,18.3,3.79,0.4,0.753,1
22.49053,88.28789,1.59,10.72,23.87,9.26,2.12,15.25,45.5,3,18.37,2.89,0.4,0.1838,0
22.49545,88.37511,42.01,75.27,98.87,4.82,1.84,37.49,88.5,1,21.63,2.83,0.55,0.6454,1
22.51417,88.3886,70.55,136.65,215.19,2.55,1.68,28.36,55.9,2,11.03,1.36,0.79,0.8718,1
22.49294,88.32555,26.16,82.21,158.39,7.02,2.27,33.97,67.8,3,21.18,1.64,0.32,0.4506,0
22.63039,88.47281,77.29,154.88,228.73,5.94,0.87,40.53,87.6,2,14.24,1.81,0.88,0.9141,1
22.47524,88.46189,4.11,9.69,25.09,4.06,0.31,29.9,86.2,3,19.07,2.56,0.94,0.401,0
22.55966,88.42443,16.22,41.4,77.74,2.8,0.58,41.41,89.6,2,14.57,3.34,0.9,0.5521,1
22.53798,88.38668,23.02,46.16,83.89,6.48,0.51,18.6,92.0,5,24.92,2.47,0.92,0.6785,1
22.64665,88.45399,21.79,40.31,73.29,8.65,1.68,14.33,67.4,2,8.77,1.4,0.31,0.3558,0
22.48129,88.30613,12.83,34.8,67.41,7.79,0.77,21.71,77.8,4,19.18,2.41,0.96,0.4769,0
22.53559,88.4381,10.32,25.15,44.05,6.62,0.89,24.01,64.5,5,17.11,1.52,0.55,0.3056,0
22.6442,88.30496,3.39,8.71,28.26,7.55,0.61,38.44,62.5,3,8.63,3.4,0.89,0.2374,0
22.62445,88.43884,12.43,27.21,40.99,6.44,1.01,27.04,66.6,4,6.39,1.53,0.43,0.2844,0
22.61524,88.33515,4.44,16.28,26.13,3.35,3.27,17.93,82.2,7,21.78,2.54,0.6,0.437,0
22.509,88.45542,33.14,98.67,130.88,3.37,0.15,33.25,70.1,5,8.31,3.22,0.33,0.7213,1
22.49247,88.46881,5.86,16.0,39.55,6.05,3.73,25.2,85.7,4,8.92,1.73,0.33,0.2625,0
22.58704,88.30976,1.51,9.25,17.07,6.15,1.26,13.51,82.3,1,25.55,1.24,0.94,0.3232,0
22.63658,88.37254,20.09,45.8,71.53,8.37,0.66,27.61,46.0,3,20.06,2.8,0.85,0.3677,0
22.56578,88.4762,22.61,57.17,87.63,8.17,0.74,38.99,76.5,0,10.26,1.17,0.66,0.3242,0
22.56861,88.37668,51.38,133.53,246.32,7.83,0.42,36.65,66.8,5,17.41,2.88,0.66,0.8304,1
22.5132,88.45271,21.51,40.13,81.97,5.88,0.1,27.95,67.8,5,16.22,3.41,0.81,0.563,1
22.6062,88.39775,10.6,29.33,57.19,3.46,0.34,20.82,85.9,3,22.73,2.05,0.53,0.4912,0
22.49554,88.35507,40.62,70.16,121.52,7.41,1.02,10.96,72.4,2,20.32,2.56,0.82,0.7377,1
22.5215,88.33716,19.43,45.33,81.21,7.66,0.82,23.97,89.3,3,22.47,3.97,0.63,0.5958,1
22.54083,88.32064,2.06,9.85,25.93,2.0,1.51,33.57,80.6,5,9.44,2.51,0.73,0.361,0
22.55645,88.43236,20.86,49.09,98.68,4.66,0.62,20.25,72.6,3,18.44,4.19,0.96,0.6936,1
22.50606,88.35731,59.65,143.35,191.27,4.98,0.54,16.01,82.7,2,5.85,1.5,0.62,0.9026,1
22.48182,88.38226,12.62,27.95,46.81,6.76,4.68,39.67,46.9,4,6.45,3.27,0.58,0.1928,0
22.57602,88.37847,8.79,29.08,49.79,4.73,0.43,35.93,46.4,1,19.98,3.09,0.92,0.2873,0
22.51484,88.39546,3.87,12.15,28.53,6.42,0.46,29.7,49.2,1,5.51,3.79,0.91,0.265,0
22.57044,88.45312,4.11,15.9,31.2,6.04,2.24,12.65,66.9,5,17.18,1.3,0.97,0.3469,0
22.48933,88.47615,14.17,32.86,52.78,6.15,1.83,12.93,56.8,3,22.65,1.9,0.67,0.381,0
22.55142,88.36152,22.64,65.12,96.33,4.92,0.7,11.51,94.2,5,12.98,1.42,0.53,0.7002,1
22.56119,88.4455,2.1,13.37,29.41,5.09,1.96,28.95,72.1,2,5.94,3.99,0.46,0.3018,0
22.46985,88.43291,70.16,175.21,246.85,4.12,1.13,11.93,78.1,6,19.99,2.37,0.32,0.9598,1
22.52395,88.39471,35.18,73.73,108.56,7.34,0.63,36.65,58.9,5,24.52,3.91,0.79,0.6184,1
22.48554,88.47121,22.08,64.09,92.39,7.76,1.74,41.76,61.1,3,20.06,1.94,0.46,0.3033,0
22.47204,88.32009,44.07,83.09,143.66,4.8,1.03,20.46,61.8,6,17.15,1.4,0.71,0.7337,1
22.64809,88.30185,2.09,11.33,26.28,9.85,0.1,23.42,79.9,1,9.83,1.95,0.92,0.2606,0
22.52125,88.45079,16.2,40.45,70.0,5.81,1.74,32.2,68.7,5,5.32,2.91,0.95,0.4616,0
22.61388,88.36783,24.86,44.38,85.36,9.87,0.9,39.86,70.9,1,19.59,3.7,0.3,0.3332,0
22.50838,88.44939,44.1,87.62,155.19,5.09,3.08,38.4,74.6,5,9.85,2.23,0.52,0.6538,1
22.58949,88.45862,38.25,111.03,179.71,2.04,2.03,9.96,83.4,2,23.02,3.93,0.87,0.9121,1
22.60444,88.29249,8.11,23.6,41.23,7.38,1.2,13.75,49.5,5,14.79,1.78,0.66,0.3028,0
22.57317,88.45669,70.7,150.04,221.92,7.05,0.72,33.66,83.8,3,16.14,3.22,0.85,0.9251,1
22.5496,88.36966,3.32,10.81,24.46,6.58,1.01,31.42,73.2,5,20.83,3.35,0.88,0.3354,0
22.53825,88.38209,52.01,120.9,196.17,5.09,0.4,12.53,78.5,5,21.37,1.88,0.6,0.8944,1
22.52628,88.40532,88.46,173.36,322.13,6.42,1.2,25.07,61.4,3,18.5,1.09,0.54,0.9381,1
22.63661,88.46528,4.87,18.53,38.06,5.38,3.26,34.55,65.5,5,24.71,2.17,0.61,0.2297,0
22.61782,88.28382,32.01,81.76,118.95,5.83,4.07,15.44,56.6,5,25.63,1.14,0.74,0.5699,1
22.64336,88.37537,1.03,5.29,12.91,8.35,2.58,37.62,94.0,1,24.88,3.88,0.55,0.2297,0
22.48362,88.41754,13.0,31.69,61.1,6.91,1.15,9.8,69.9,4,22.31,4.05,0.83,0.5843,1
22.59886,88.42454,18.16,45.83,71.12,7.84,0.19,34.59,94.8,4,19.82,3.35,0.91,0.5649,1
22.63828,88.41851,21.73,41.78,59.22,5.99,0.95,28.94,69.5,4,18.93,3.33,0.49,0.471,0
22.49443,88.30689,68.7,122.66,234.16,5.75,2.13,18.72,56.0,5,7.18,1.77,0.96,0.8911,1
22.47263,88.33988,27.89,49.02,70.93,3.96,1.95,32.51,70.4,2,10.7,1.24,0.72,0.4313,0
22.60081,88.35174,16.41,51.95,102.08,5.69,0.87,34.6,47.0,4,5.12,3.57,0.9,0.446,0
22.56915,88.44089,41.48,112.33,199.77,2.0,0.81,39.75,90.2,7,7.89,2.79,0.37,0.8461,1
22.61995,88.33575,75.16,198.89,360.05,5.2,1.41,20.5,85.9,3,14.22,3.18,0.47,0.9759,1
22.48656,88.32214,0.56,6.07,13.55,6.32,1.06,31.32,81.3,6,8.08,3.49,0.52,0.3134,0
22.6111,88.47149,101.17,203.91,292.24,7.74,0.95,28.49,75.5,5,23.93,2.31,0.51,0.9714,1
22.49831,88.28177,2.25,8.14,26.75,5.91,0.91,25.86,74.0,3,21.92,1.46,0.42,0.2271,0
22.49109,88.47956,42.1,87.11,122.73,7.26,2.85,38.27,94.8,2,6.5,3.54,0.89,0.7192,1
22.49121,88.41536,8.22,22.75,39.27,2.0,0.35,8.11,58.9,5,10.23,2.45,0.58,0.5104,1
22.61477,88.44569,3.54,13.69,25.43,6.37,0.77,17.59,84.0,4,22.2,3.65,0.95,0.4878,0
22.58639,88.33892,14.49,33.96,52.34,2.81,0.81,26.3,74.1,4,21.86,2.4,0.7,0.4928,0
22.55938,88.28286,25.82,49.37,70.12,3.84,1.17,14.06,93.8,2,24.85,1.69,0.39,0.6238,1
22.52818,88.42757,11.99,25.17,51.87,6.09,1.03,38.87,86.4,1,25.95,1.55,0.67,0.2861,0
22.62667,88.44683,1.4,6.06,20.47,9.31,0.97,30.02,94.9,2,25.5,3.38,0.98,0.326,0
22.53456,88.4281,22.87,50.3,67.52,7.32,0.37,24.25,74.4,5,13.61,2.84,0.68,0.5501,1
22.61515,88.30857,58.17,166.17,279.89,6.54,1.03,35.7,55.2,2,10.26,2.29,0.3,0.8249,1
22.54344,88.43069,12.08,34.55,67.97,6.46,1.7,23.33,70.2,6,20.93,2.57,0.93,0.4707,0
22.53162,88.43378,6.09,20.16,37.98,4.93,1.21,26.99,80.6,3,11.28,2.76,0.46,0.3538,0
22.54791,88.41171,14.61,34.28,52.78,5.3,0.34,8.09,83.7,2,21.93,1.77,0.77,0.5598,1
22.51726,88.43322,1.24,5.88,17.59,7.44,1.11,20.43,45.0,1,16.21,2.21,0.65,0.1713,0
22.60205,88.44918,42.94,81.89,157.57,3.45,1.05,12.72,70.3,4,21.67,1.94,0.52,0.7956,1
22.55552,88.40272,43.77,121.31,219.27,7.8,0.74,31.45,56.8,5,10.79,2.24,0.49,0.7264,1
22.50412,88.29772,22.17,60.2,107.98,5.65,1.22,24.29,88.7,2,15.67,2.6,0.93,0.6463,1
22.63092,88.37753,10.89,25.64,44.33,8.32,0.56,18.26,52.6,4,16.84,1.55,0.92,0.3104,0
22.53294,88.29553,40.21,92.42,154.91,8.61,1.76,23.91,78.3,4,24.81,2.26,0.65,0.7041,1
22.56328,88.36151,20.22,52.19,74.61,2.82,3.89,15.13,58.3,2,10.6,2.23,0.48,0.4622,0
22.63223,88.36142,43.71,110.42,196.36,5.22,1.88,39.45,62.8,1,24.67,1.92,0.37,0.6166,1
22.57861,88.2932,24.96,72.33,133.54,4.62,0.47,9.84,92.0,4,21.9,4.2,0.41,0.8257,1
22.48221,88.34976,38.36,91.8,180.76,2.51,1.69,37.42,57.0,4,20.35,1.24,0.66,0.6288,1
22.63857,88.3022,22.82,51.06,83.14,4.23,2.03,25.39,49.8,5,21.52,3.06,0.51,0.4768,0
22.57926,88.44165,13.37,24.23,38.65,11.87,1.39,29.04,48.5,3,17.71,1.56,0.33,0.1377,0
22.52363,88.46954,79.22,135.05,225.56,7.84,1.52,18.29,70.2,2,10.13,3.69,0.61,0.9283,1
22.48646,88.29446,19.47,40.81,78.98,10.72,0.95,40.87,77.1,1,8.98,3.93,0.81,0.3642,0
22.61086,88.47102,23.23,42.42,76.84,8.32,0.28,17.58,61.4,8,23.19,2.28,0.91,0.5586,1
22.57781,88.38452,6.23,17.83,35.73,4.87,0.89,28.02,79.5,4,20.23,3.64,0.7,0.4288,0
22.56136,88.33991,24.56,65.06,98.4,5.66,0.4,41.78,48.1,6,9.48,1.8,0.79,0.4098,0
22.62984,88.29537,21.19,43.38,75.46,7.79,0.82,37.96,87.9,2,17.92,1.45,0.55,0.3559,0
22.60983,88.38012,5.11,19.36,36.55,7.46,0.61,26.24,85.8,6,14.4,2.01,0.64,0.3577,0
22.48882,88.4389,1.54,3.94,14.07,5.23,0.37,41.67,94.3,6,8.33,2.09,0.8,0.304,0
22.51923,88.42142,23.18,50.21,85.59,3.18,2.77,31.85,91.8,5,16.17,2.27,0.79,0.6024,1
22.50721,88.29005,36.07,70.71,130.66,13.73,1.02,15.1,62.8,4,10.91,2.19,0.59,0.5284,1
22.60135,88.29458,18.53,44.72,83.67,6.19,0.63,21.79,65.0,4,7.02,2.32,0.67,0.4835,0
22.46637,88.36057,6.43,18.82,40.43,5.78,0.16,19.37,82.3,3,14.81,3.27,0.93,0.4977,0
22.56828,88.33906,27.45,63.24,97.47,6.75,1.95,19.7,51.7,2,17.39,1.79,0.73,0.4606,0
22.60487,88.32648,2.09,7.83,19.18,5.97,1.24,33.86,60.7,3,5.99,1.06,0.74,0.1667,0
22.62659,88.3362,14.58,44.66,70.98,6.77,4.29,27.86,50.9,3,13.44,2.57,0.83,0.3019,0
22.525,88.4407,4.46,7.93,21.11,9.33,0.51,9.3,67.7,4,10.41,2.43,0.38,0.2922,0
22.61604,88.46585,5.1,14.7,29.0,6.23,2.6,37.83,72.6,4,5.64,1.19,0.66,0.1863,0
22.48102,88.36102,5.65,13.85,26.15,3.94,0.89,18.09,55.6,4,7.64,1.43,0.95,0.3315,0
22.62083,88.46122,12.22,35.68,53.95,6.14,0.42,41.9,46.3,2,7.92,2.63,0.55,0.2202,0
22.48422,88.3443,1.31,4.99,16.8,5.48,0.7,40.44,81.0,4,8.84,1.75,0.5,0.2034,0
22.53548,88.37529,12.68,36.77,81.47,9.63,1.12,39.98,46.0,7,21.87,3.81,0.71,0.2941,0
22.61149,88.32521,17.92,41.67,59.59,9.08,0.63,35.58,93.7,5,14.23,1.55,0.45,0.3685,0
22.48848,88.4081,16.51,39.84,82.54,6.74,0.29,15.5,56.1,4,8.09,1.06,0.68,0.4044,0
22.50356,88.4758,12.06,30.07,65.65,3.69,0.41,26.11,78.2,4,7.11,2.43,0.41,0.4532,0
22.59723,88.4007,45.68,89.45,116.56,3.8,1.57,15.63,66.7,5,11.26,4.16,0.69,0.8497,1
22.59681,88.35156,3.93,10.82,25.08,6.53,0.35,16.83,48.0,3,21.76,3.03,0.71,0.293,0
22.58182,88.40956,17.62,40.17,59.16,7.24,0.55,28.77,68.6,4,12.65,2.13,0.58,0.3815,0
22.59185,88.30458,1.6,7.94,20.72,5.68,0.37,9.39,70.8,5,8.36,1.05,0.56,0.3274,0
22.56312,88.45773,1.85,5.88,14.39,5.44,1.27,40.96,87.7,4,13.49,2.55,0.47,0.2373,0
22.50784,88.38062,21.33,41.76,83.11,5.2,5.5,39.23,81.6,1,16.66,1.66,0.53,0.2862,0
22.52568,88.36987,20.87,63.88,88.16,6.45,1.52,20.95,49.0,7,5.62,3.07,0.64,0.5316,1
22.4945,88.39717,52.6,88.13,144.38,2.0,0.49,25.52,55.5,2,18.18,2.87,0.47,0.7756,1
22.63261,88.40496,20.4,58.92,94.81,4.08,1.27,23.85,60.6,3,13.3,1.85,0.83,0.5161,1
22.57084,88.29436,80.34,207.82,384.39,5.12,0.52,37.99,50.8,5,5.2,1.22,0.78,0.9498,1
22.53616,88.41652,1.25,6.48,17.03,9.16,1.17,31.41,67.8,2,19.15,3.42,0.48,0.1906,0
22.54778,88.32839,2.58,10.61,27.24,4.71,3.02,17.46,94.2,4,19.96,2.87,0.37,0.3906,0
22.63998,88.42279,1.13,5.67,16.6,6.9,0.97,23.19,70.7,4,18.21,3.69,0.3,0.2814,0
22.48914,88.44451,5.12,17.56,44.89,7.0,1.34,22.58,82.1,2,12.18,1.83,0.71,0.3164,0
22.57138,88.44079,19.48,50.57,101.36,9.36,1.01,40.62,79.1,3,16.12,3.09,0.44,0.3743,0
22.55612,88.3905,25.93,71.11,133.6,9.28,2.09,13.96,87.5,8,13.13,1.38,0.31,0.6186,1
22.57618,88.38403,1.17,3.42,9.81,6.37,1.72,11.05,55.8,5,19.71,1.93,0.54,0.2533,0
22.46344,88.30858,72.96,178.65,281.66,5.45,0.73,37.94,82.7,1,17.26,3.1,0.95,0.9485,1
22.6257,88.43507,46.16,88.71,141.01,5.04,1.73,38.49,89.1,4,6.72,3.64,0.77,0.7928,1
22.6371,88.33428,8.8,23.72,45.22,5.97,1.18,37.64,53.6,1,18.5,2.03,0.88,0.2161,0
22.56738,88.37934,2.01,8.42,16.3,5.55,0.68,25.37,62.3,4,19.43,3.56,0.4,0.2842,0
22.59236,88.33685,4.65,13.13,26.55,7.72,0.69,30.43,93.5,3,12.78,3.17,0.35,0.3154,0
22.63527,88.30677,3.39,11.32,26.34,7.42,1.15,27.15,84.0,3,23.39,2.12,0.31,0.2452,0
22.59438,88.40591,3.29,14.43,36.96,7.8,1.33,10.36,59.1,3,22.7,3.8,0.95,0.4025,0
22.48898,88.29087,18.27,39.01,57.25,9.27,0.87,28.26,73.2,1,8.68,2.63,0.5,0.3333,0
22.56949,88.42973,7.05,22.3,50.79,10.6,1.35,8.46,65.2,4,23.99,3.07,0.61,0.3641,0
22.57528,88.34352,11.08,30.72,52.76,6.77,0.47,19.05,69.5,1,14.26,2.59,0.57,0.3789,0
22.54058,88.28003,113.92,201.04,341.7,8.92,0.34,39.7,62.8,3,20.2,2.45,0.8,0.9703,1
22.59992,88.38223,28.83,88.9,169.33,5.73,0.19,18.34,59.0,4,22.1,3.71,0.51,0.7418,1
22.63753,88.28937,74.39,146.65,216.94,9.11,1.55,39.95,78.7,3,15.61,1.94,0.66,0.8491,1
22.63586,88.33523,3.85,9.89,19.63,8.84,0.17,16.5,83.9,6,13.38,1.12,0.98,0.3556,0
22.54566,88.4214,12.04,30.87,50.76,8.72,1.34,18.7,88.7,4,24.22,3.82,0.6,0.5035,1
22.48152,88.29254,20.23,41.25,70.35,6.71,0.64,29.37,52.8,3,9.85,3.64,0.67,0.4223,0
22.64712,88.44787,2.0,9.6,21.89,5.03,0.75,33.9,86.1,5,10.4,2.17,0.64,0.3087,0
22.61939,88.28076,0.1,3.37,13.01,3.43,0.76,25.05,57.7,2,12.59,1.59,0.85,0.2363,0
22.48369,88.32936,27.75,64.67,91.9,6.41,5.14,37.99,66.4,1,23.05,3.16,0.48,0.3648,0
22.63496,88.42818,25.67,58.2,82.04,9.87,0.57,9.37,90.1,4,24.71,1.25,0.42,0.5668,1
22.62528,88.34325,13.22,36.37,63.32,5.82,0.39,39.35,67.7,2,9.62,2.36,0.81,0.3323,0
22.55858,88.30038,16.82,48.88,66.83,8.23,3.73,14.67,54.9,3,23.14,1.27,0.58,0.3049,0
22.57234,88.35205,13.42,30.94,60.32,8.36,0.22,38.06,53.0,3,10.42,2.91,0.92,0.2866,0
22.53581,88.33408,0.61,8.6,17.35,5.88,0.29,21.63,68.6,7,25.38,1.09,0.74,0.2889,0
22.4704,88.44854,10.21,25.78,47.4,9.4,1.98,36.31,83.1,2,17.55,3.01,0.68,0.2797,0
22.52369,88.34267,4.87,12.97,24.34,2.0,1.38,30.84,94.9,6,5.15,3.15,0.35,0.4475,0
22.61254,88.43779,2.59,14.08,28.33,3.81,0.68,13.98,84.4,3,5.72,2.56,0.8,0.4764,0
22.46088,88.45837,78.5,194.81,334.18,4.49,0.35,39.21,88.9,6,8.1,1.56,0.77,0.9666,1
22.52336,88.36676,22.87,47.69,79.13,4.7,0.1,16.35,82.4,3,8.94,1.32,0.74,0.5988,1
22.53565,88.46199,32.61,68.78,136.75,7.24,3.14,16.3,89.8,9,21.12,2.0,0.48,0.719,1
22.56211,88.35546,9.47,23.49,50.56,7.14,1.73,35.68,48.8,1,9.68,2.49,0.94,0.2143,0
22.63477,88.47282,12.49,33.88,53.04,7.37,2.89,11.6,91.5,2,25.35,3.06,0.52,0.4904,0
22.52581,88.29786,6.76,19.34,30.43,7.81,2.27,15.55,64.8,1,18.36,1.0,0.4,0.203,0
22.52592,88.4174,2.55,13.08,32.6,4.41,1.44,25.13,91.1,2,19.54,3.28,0.97,0.4489,0
22.60013,88.37876,4.93,15.06,31.85,3.82,0.55,36.24,48.8,2,9.57,3.28,0.81,0.2614,0
22.54592,88.35753,39.93,90.43,171.93,7.37,0.35,13.01,80.8,4,23.75,2.42,0.58,0.8072,1
22.50267,88.40654,28.29,73.02,105.97,5.11,2.44,26.62,81.8,2,19.02,2.1,0.94,0.6256,1
22.54596,88.42077,19.79,60.08,118.33,3.04,0.64,32.18,94.8,8,23.15,3.7,0.36,0.7236,1
22.48676,88.28087,16.11,39.97,67.27,8.64,0.37,37.26,83.4,7,25.09,3.51,0.36,0.433,0
22.49351,88.31339,63.92,120.04,212.47,9.57,0.51,39.81,64.1,6,7.64,4.15,0.76,0.8502,1
22.55469,88.42261,1.89,9.17,26.09,9.93,2.56,34.68,72.9,0,7.03,2.19,0.42,0.125,0
22.5396,88.41328,8.23,25.1,40.77,6.91,0.41,30.2,63.3,3,21.87,3.9,0.92,0.3827,0
22.63382,88.47321,10.77,33.94,73.07,7.88,0.69,22.74,54.8,6,23.19,1.28,0.87,0.3374,0
22.52885,88.43221,38.13,96.07,145.32,9.51,0.89,11.81,57.4,2,17.26,2.32,0.51,0.6553,1
22.57031,88.47015,122.37,300.0,450.0,5.09,1.2,32.13,56.1,5,12.69,2.49,0.9,0.99,1
22.58013,88.42051,6.88,24.08,38.13,8.94,0.38,41.75,72.4,2,18.71,2.41,0.33,0.1822,0
22.46249,88.33961,51.85,144.49,273.44,7.11,0.87,33.05,90.3,2,11.42,3.0,0.67,0.8931,1
22.58607,88.30107,44.39,80.93,108.71,8.51,2.01,8.57,90.6,3,10.01,1.54,0.94,0.7772,1
22.49383,88.43636,6.36,18.59,41.26,6.91,4.3,24.87,47.7,3,15.25,3.77,0.88,0.2596,0
22.6426,88.40883,12.74,38.33,70.22,9.35,0.31,28.9,49.0,3,9.54,2.77,0.54,0.2735,0
22.48825,88.28964,13.18,40.29,69.47,6.99,0.36,31.45,57.3,4,15.16,3.89,0.42,0.379,0
22.53878,88.35201,95.67,228.29,314.19,3.24,0.43,32.47,57.8,4,25.09,1.01,0.44,0.9665,1
22.47622,88.47136,4.99,13.3,28.49,9.69,1.64,26.98,49.7,2,22.64,3.02,0.65,0.1809,0
22.64941,88.38008,40.13,107.53,154.85,4.42,0.33,15.59,64.4,2,24.77,2.32,0.71,0.7996,1
22.55542,88.36655,10.17,30.1,54.31,9.26,0.84,40.03,74.4,1,21.93,2.62,0.32,0.2085,0
22.57312,88.37154,32.81,59.29,90.09,6.3,0.76,31.69,73.9,4,12.45,3.38,0.58,0.6024,1
22.47274,88.32178,13.62,35.53,71.17,9.09,4.57,16.05,72.2,2,22.05,1.73,0.86,0.3286,0
22.60249,88.35374,21.59,44.97,63.88,9.0,0.56,18.96,61.9,1,24.38,1.66,0.6,0.3598,0
22.49988,88.35396,44.69,97.68,137.49,7.45,0.53,39.35,80.3,2,24.89,3.25,0.42,0.6797,1
22.63063,88.29047,40.76,73.61,111.96,7.62,1.64,38.17,86.3,4,19.35,2.67,0.95,0.6627,1
22.49898,88.43351,50.33,108.33,171.71,7.43,1.26,21.77,62.3,1,9.44,1.75,0.48,0.7054,1
22.49623,88.3633,1.54,10.11,20.3,2.07,0.49,9.3,49.3,4,5.83,2.55,0.84,0.4099,0
22.46694,88.44444,29.45,72.1,118.94,6.76,2.69,9.65,59.8,3,8.09,2.47,0.43,0.5933,1
22.54969,88.45007,3.77,15.43,34.28,4.04,0.21,17.65,51.9,4,25.28,3.21,0.59,0.3679,0
22.56732,88.3224,13.44,38.95,69.9,6.88,0.92,29.39,68.4,3,14.7,1.01,0.63,0.3055,0
22.47248,88.41147,19.88,39.91,69.52,3.99,0.72,27.86,52.8,3,22.95,2.88,0.64,0.4378,0
22.60735,88.37446,12.89,28.04,43.99,3.89,0.85,29.55,68.1,3,14.77,2.94,0.65,0.4071,0
22.54612,88.45603,18.33,47.71,89.4,10.03,0.49,32.39,56.1,4,18.88,3.39,0.45,0.3453,0
22.55963,88.32315,141.56,254.6,343.63,8.85,0.87,8.65,81.9,1,5.51,3.85,0.65,0.99,1
22.54374,88.41556,3.63,14.7,32.83,6.49,1.15,11.57,46.4,1,10.25,2.41,0.63,0.2585,0
22.53614,88.40155,28.13,78.62,118.91,6.91,0.1,20.22,72.7,5,14.16,2.1,0.44,0.639,1
22.56633,88.33906,12.6,32.0,55.94,5.95,0.61,13.27,53.5,0,18.24,1.33,0.97,0.3608,0
22.4895,88.30732,3.57,11.75,27.1,7.75,0.43,10.56,45.0,3,8.6,2.08,0.89,0.2775,0
22.49457,88.41033,4.32,10.78,22.1,5.01,3.55,29.79,88.5,4,21.06,1.22,0.9,0.2809,0
22.62374,88.42772,74.53,152.14,192.28,8.69,1.4,35.72,78.6,1,12.65,3.57,0.77,0.8928,1
22.63976,88.34313,52.92,131.37,218.52,5.94,0.4,33.59,49.9,4,22.17,3.58,0.41,0.8092,1
22.53093,88.40897,59.39,124.94,166.07,5.58,0.58,35.78,78.2,2,7.06,2.34,0.69,0.8262,1
22.51144,88.35903,119.29,300.0,450.0,6.55,0.74,30.64,75.6,2,19.27,1.83,0.86,0.99,1
22.58236,88.42264,5.84,15.6,35.69,5.2,0.57,33.0,68.7,2,11.16,1.38,0.33,0.2054,0
22.53766,88.31984,10.98,28.31,55.35,7.22,1.49,17.24,66.0,2,21.7,3.72,0.64,0.4196,0
22.46482,88.45804,27.66,68.3,114.5,5.32,3.11,41.76,89.4,3,13.45,3.81,0.57,0.5837,1
22.48967,88.33748,16.53,41.59,85.41,7.53,0.7,14.23,57.3,4,18.97,1.85,0.44,0.4065,0
22.59603,88.35356,13.55,30.62,58.42,9.18,4.28,15.29,64.9,5,24.62,2.99,0.56,0.3483,0
22.5852,88.29162,11.07,29.78,55.01,4.92,0.73,17.82,61.5,2,5.43,1.83,0.97,0.4145,0
22.46515,88.3023,22.52,65.21,111.27,6.21,1.2,41.16,83.6,3,5.23,1.72,0.79,0.4772,0
22.50217,88.38317,21.43,47.1,90.46,7.51,0.1,41.6,90.8,5,21.18,1.07,0.5,0.3976,0
22.5039,88.33352,4.4,15.81,24.82,5.54,2.67,35.03,87.5,4,18.57,2.85,0.71,0.3128,0
22.58766,88.4471,15.95,43.99,87.04,7.52,0.3,29.39,84.9,3,11.15,1.48,0.47,0.3988,0
22.46375,88.28294,20.16,55.3,86.57,7.72,1.37,25.68,94.3,4,15.38,1.04,0.72,0.5011,1
22.47978,88.35582,21.12,59.81,83.41,8.88,0.37,41.0,79.9,1,5.88,1.34,0.91,0.3609,0
22.61198,88.34747,5.9,15.86,36.34,5.17,0.1,31.65,82.6,1,9.04,2.0,0.68,0.3098,0
22.49392,88.28387,33.9,83.79,135.68,4.43,1.27,40.12,94.1,5,13.91,3.14,0.8,0.7515,1
22.58402,88.30487,0.64,9.64,15.54,5.82,1.76,18.76,45.3,4,22.51,1.65,0.61,0.1951,0
22.50525,88.36273,10.96,27.82,51.93,4.37,0.9,19.35,76.7,4,15.07,3.84,0.66,0.5472,1
22.47889,88.37857,37.88,109.97,210.19,7.74,0.26,37.06,81.9,2,17.31,1.92,0.77,0.7192,1
22.5062,88.36086,20.75,52.03,103.78,3.94,4.9,13.1,90.9,1,23.35,2.06,0.85,0.6081,1
22.59723,88.38619,7.57,18.14,42.46,11.63,1.71,40.16,89.2,3,11.49,1.7,0.75,0.1949,0
22.62258,88.39903,29.68,63.72,120.3,9.35,1.11,25.25,87.1,1,19.71,1.81,0.96,0.576,1
22.61774,88.28198,20.95,66.73,86.4,6.53,2.35,39.5,92.3,2,23.1,1.24,0.86,0.4379,0
22.53546,88.37282,39.77,82.95,133.36,8.41,0.57,19.45,71.9,6,9.25,1.94,0.83,0.7273,1
22.58694,88.4727,33.2,93.03,172.79,2.9,3.81,32.34,45.3,6,12.49,3.75,0.87,0.7014,1
22.49895,88.38381,23.55,69.89,110.91,12.05,1.73,24.42,45.6,3,25.58,3.2,0.49,0.3618,0
22.5157,88.41551,16.74,37.61,68.62,5.2,2.18,29.31,72.2,2,25.65,3.8,0.59,0.4513,0
22.6303,88.34237,3.57,9.06,19.17,6.23,0.69,25.15,66.8,2,9.69,1.34,0.68,0.2227,0
22.46247,88.4348,7.57,24.21,46.04,2.42,0.29,40.88,67.6,7,6.4,2.46,0.61,0.3643,0
22.47625,88.43458,13.58,28.22,61.24,7.57,1.12,31.53,65.0,1,10.69,1.73,0.88,0.2794,0
22.4995,88.38426,22.86,62.49,111.91,4.07,0.6,16.54,90.9,1,13.35,3.31,0.32,0.6955,1
22.46504,88.4752,18.02,43.9,71.92,6.72,4.15,38.93,63.0,5,14.26,4.1,0.44,0.3439,0
22.49447,88.30511,8.5,23.01,54.14,5.3,0.2,18.0,87.8,4,17.99,3.61,0.9,0.5923,1
22.57078,88.28339,0.16,2.32,7.66,4.13,2.85,20.63,90.1,2,23.89,1.11,0.34,0.2358,0
22.54007,88.43403,17.14,43.48,66.08,4.73,0.12,11.47,70.0,2,11.94,2.01,0.45,0.5158,1
22.62961,88.44143,8.41,23.13,47.0,7.0,0.37,38.6,67.3,3,22.85,1.09,0.54,0.2005,0
22.61531,88.30404,33.16,75.9,136.1,3.68,0.12,17.73,83.1,3,6.96,1.13,0.81,0.7492,1
22.52495,88.33312,0.61,5.72,17.35,4.85,0.57,16.8,80.4,4,5.88,1.25,0.68,0.3285,0
22.50929,88.28351,21.98,52.27,97.89,7.96,0.78,39.29,61.4,5,15.58,1.88,0.95,0.3942,0
22.53214,88.33866,70.96,187.94,324.57,12.23,0.5,35.39,50.1,0,6.25,1.97,0.45,0.8291,1
22.57216,88.43463,4.79,14.31,28.88,7.55,1.37,12.8,58.2,3,13.24,2.28,0.89,0.3148,0
22.51093,88.38359,15.95,38.2,80.25,4.48,0.79,34.16,51.6,5,23.83,2.3,0.49,0.3471,0
22.57859,88.34962,2.4,13.7,32.62,5.69,0.1,39.04,59.7,3,10.07,3.47,0.47,0.2298,0
22.53779,88.35435,24.57,51.0,76.75,6.57,0.34,10.67,58.1,1,19.83,1.45,0.64,0.4818,0
22.56489,88.28027,19.99,39.97,59.95,5.73,0.68,36.06,76.9,3,11.35,1.5,0.35,0.3365,0
22.54286,88.33996,13.08,43.23,89.41,8.49,2.27,26.61,92.7,0,5.94,3.01,0.56,0.4177,0
22.51595,88.40929,18.42,49.46,94.15,6.98,1.06,30.75,79.3,1,16.69,2.83,0.54,0.4428,0
22.64021,88.47484,56.72,133.83,255.6,8.5,0.6,24.76,91.3,5,22.53,1.49,0.41,0.8753,1
22.60509,88.44941,5.46,14.46,35.2,5.81,0.17,31.73,84.2,3,13.6,3.73,0.89,0.4239,0
22.48662,88.28472,0.57,9.41,24.05,9.42,1.1,9.16,81.4,2,17.96,2.05,0.56,0.2941,0
22.62501,88.45971,49.45,118.22,200.94,6.13,2.7,33.93,65.7,7,23.9,2.17,0.97,0.803,1
22.55261,88.43664,21.52,52.7,89.98,4.36,0.71,9.13,61.2,2,21.58,2.35,0.91,0.6276,1
22.62996,88.43608,55.33,131.59,170.1,11.29,0.38,23.48,87.3,2,9.07,2.03,0.43,0.795,1
22.61197,88.3716,22.72,51.99,92.91,2.49,1.55,13.13,90.3,4,20.4,2.78,0.64,0.7366,1
22.54079,88.3596,41.54,75.41,120.1,4.87,2.34,36.0,67.6,6,15.54,2.24,0.71,0.636,1
22.46427,88.34058,14.04,27.32,51.36,5.12,0.81,18.66,45.5,7,20.67,1.83,0.86,0.4018,0
22.51105,88.29314,34.64,98.33,162.17,12.02,1.7,23.44,84.6,5,15.38,3.89,0.9,0.7616,1
22.56291,88.32565,61.06,133.01,211.45,10.48,0.63,22.58,59.3,6,7.69,1.99,0.72,0.834,1
22.58036,88.32932,21.22,49.27,69.99,9.79,1.76,34.27,45.5,6,16.97,3.24,0.32,0.2861,0
22.509,88.37682,4.99,13.7,24.67,5.77,2.8,24.36,85.2,4,15.33,2.11,0.63,0.3164,0
22.48648,88.42949,7.83,19.24,31.86,11.84,1.98,34.82,70.9,3,15.88,2.39,0.9,0.1971,0
22.61864,88.37476,5.54,20.55,34.41,7.31,1.5,10.5,79.3,3,23.46,1.76,0.79,0.3867,0
22.64704,88.29157,7.09,18.46,49.23,8.65,3.52,14.51,90.7,6,23.79,3.41,0.89,0.4841,0
22.55988,88.47156,9.15,29.61,49.87,6.9,0.75,26.75,72.1,5,14.52,3.36,0.76,0.4293,0
22.49262,88.46854,20.25,44.84,73.34,6.39,1.49,40.2,70.2,2,14.57,1.07,0.33,0.2553,0
22.51174,88.43704,22.17,60.28,108.76,5.95,0.77,10.54,59.5,3,15.82,1.19,0.96,0.5774,1
22.46349,88.47827,13.9,32.23,57.44,6.04,1.5,9.46,60.3,5,15.91,3.95,0.92,0.584,1
22.63372,88.3889,23.89,53.4,74.17,7.84,1.71,13.32,84.8,4,24.96,3.84,0.39,0.6331,1
22.48237,88.47255,2.13,6.7,16.45,7.31,2.08,29.8,67.5,3,18.64,2.62,0.38,0.1856,0
22.56954,88.29512,2.3,9.01,27.77,6.43,0.99,21.57,53.2,3,10.83,2.58,0.67,0.2457,0
22.51207,88.35314,4.71,9.18,18.91,9.82,0.1,36.07,49.7,4,16.16,3.6,0.81,0.1996,0
22.56529,88.32508,18.25,48.71,72.55,2.0,0.78,10.45,68.6,2,18.17,1.44,0.56,0.5658,1
22.58377,88.31917,6.02,20.06,43.96,7.62,1.66,14.68,68.2,2,18.44,3.09,0.39,0.3238,0
22.61765,88.30816,8.33,26.48,54.37,8.08,1.26,18.2,77.7,3,17.29,2.52,0.65,0.3836,0
22.49922,88.40448,12.78,30.55,60.39,9.02,1.42,29.31,68.6,7,8.73,3.38,0.53,0.3722,0
22.46209,88.43626,41.77,71.39,98.53,6.36,1.8,31.3,52.2,3,5.71,1.1,0.54,0.4499,0
22.48601,88.39566,0.35,6.42,15.1,6.96,0.29,12.22,70.4,3,12.09,2.9,0.74,0.3535,0
22.631,88.30939,26.2,80.65,138.41,8.67,1.87,40.09,90.3,5,13.98,2.78,0.9,0.6109,1
22.62604,88.44222,27.63,67.8,96.34,9.78,3.65,19.6,53.0,8,6.3,3.69,0.68,0.5444,1
22.57351,88.40719,40.07,104.12,165.14,5.84,0.68,32.25,79.5,3,22.11,3.17,0.77,0.7855,1
22.5741,88.35763,67.48,110.43,189.04,7.09,2.12,25.82,74.7,3,12.23,3.82,0.75,0.883,1
22.58636,88.41483,0.51,7.04,16.14,10.19,1.05,15.57,82.4,1,24.19,3.84,0.67,0.3164,0
22.49332,88.33198,4.17,11.08,25.65,2.0,1.39,36.77,52.5,5,8.24,2.31,0.51,0.2356,0
22.63374,88.34904,54.33,127.51,237.8,4.98,1.96,35.82,92.1,2,6.2,1.44,0.56,0.8313,1
22.53957,88.4635,15.34,44.96,69.57,9.72,1.25,21.47,76.0,3,15.13,3.02,0.51,0.4173,0
22.5328,88.3381,20.79,61.63,116.98,8.9,0.64,28.01,87.4,5,8.97,3.8,0.92,0.6612,1
22.55859,88.374,27.19,66.91,94.82,7.65,1.3,16.77,57.3,7,24.69,1.24,0.86,0.5564,1
22.46892,88.45803,28.41,63.46,127.53,5.51,0.38,31.45,82.0,3,5.22,2.79,0.69,0.6423,1
22.49159,88.42154,67.11,187.69,255.11,4.56,0.18,18.51,84.1,2,13.67,1.37,0.92,0.9572,1
22.60023,88.29244,144.81,300.0,386.83,5.2,2.94,36.7,64.9,3,24.46,1.09,0.9,0.99,1
22.47573,88.30946,31.84,56.22,102.32,9.91,1.45,15.39,64.2,8,13.07,3.17,0.93,0.6641,1
22.5746,88.28157,8.46,26.87,45.9,5.12,1.73,8.5,77.9,6,6.96,3.18,0.45,0.5355,1
22.50662,88.40618,52.96,103.29,197.93,6.72,1.19,17.13,49.7,7,11.36,2.92,0.79,0.8413,1
22.53397,88.36953,1.26,6.39,17.21,4.84,0.12,14.5,81.8,6,15.46,3.75,0.71,0.5094,1
22.51485,88.30685,6.57,17.14,32.98,8.35,2.78,25.28,47.1,3,8.89,1.26,0.8,0.164,0
22.52758,88.47159,56.92,139.43,224.54,5.31,0.64,14.93,54.5,2,14.8,1.34,0.48,0.8442,1
22.59662,88.38593,7.4,21.11,41.21,6.29,0.78,33.95,78.2,3,22.56,3.77,0.77,0.382,0
22.51645,88.32838,6.23,14.33,27.71,2.8,2.53,16.21,49.9,1,23.32,2.61,0.58,0.2923,0
22.56762,88.38012,3.72,15.4,34.14,2.95,0.37,32.04,93.6,3,6.03,1.87,0.87,0.4096,0
22.55045,88.41592,48.99,132.6,233.95,6.52,0.71,27.67,88.4,3,8.38,3.36,0.84,0.9021,1
22.5861,88.29525,17.33,47.06,91.6,3.58,0.66,41.53,76.3,8,10.78,3.86,0.44,0.5551,1
22.638,88.33494,28.09,60.66,126.28,11.13,0.36,42.0,86.0,3,17.49,3.21,0.43,0.4579,0
22.59919,88.44139,6.83,22.1,39.6,2.0,1.06,37.56,89.4,0,12.58,3.53,0.79,0.4292,0
22.50084,88.37193,35.47,101.27,180.22,4.74,0.42,33.84,58.0,6,22.72,1.9,0.67,0.694,1
22.46592,88.38932,35.68,69.96,116.95,6.54,2.88,21.14,87.5,2,20.05,1.92,0.68,0.6443,1
22.50983,88.36656,9.37,24.07,44.21,5.7,0.16,33.61,54.7,7,7.11,3.77,0.81,0.3949,0
22.57306,88.28878,13.22,35.37,58.9,4.07,0.25,40.53,65.7,1,18.12,2.97,0.88,0.3719,0
22.46977,88.31315,5.88,23.33,57.36,4.39,0.71,8.79,72.9,5,7.37,1.75,0.46,0.4559,0
22.55431,88.36911,93.83,263.89,450.0,4.32,0.96,26.29,80.7,4,10.36,2.68,0.68,0.99,1
22.5734,88.32184,25.93,74.78,146.87,5.87,0.49,15.41,46.5,1,8.74,3.19,0.86,0.6405,1
22.52351,88.29,68.16,164.84,298.56,10.79,1.82,26.97,59.5,6,8.63,1.7,0.89,0.8913,1
22.60647,88.44873,9.04,23.95,53.22,6.67,0.81,23.86,75.4,7,17.94,3.1,0.5,0.4332,0
22.48025,88.47624,38.07,68.91,131.61,9.1,1.52,27.58,62.9,2,16.84,1.13,0.37,0.4329,0
22.47428,88.43863,36.3,68.4,108.78,7.62,2.72,26.73,83.8,4,8.7,1.97,0.46,0.5727,1
22.59836,88.45076,29.41,66.84,99.57,8.95,3.44,40.64,77.6,3,25.79,3.16,0.94,0.4782,0
22.55414,88.3284,84.27,201.54,301.09,2.0,0.73,26.77,56.7,4,13.86,1.48,0.61,0.9622,1
22.5908,88.47213,12.5,30.86,46.24,5.83,1.05,36.77,52.3,3,7.04,1.71,0.58,0.2254,0
22.54262,88.31939,3.5,13.29,25.47,9.38,1.25,18.87,76.5,3,7.53,3.81,0.31,0.3008,0
22.50682,88.47029,27.85,59.67,104.46,5.24,0.75,22.9,67.5,4,17.26,3.16,0.33,0.5975,1
22.61563,88.47896,32.67,80.82,137.45,10.38,0.34,23.99,53.4,4,25.56,2.6,0.75,0.5656,1
22.61189,88.42234,21.4,41.98,85.9,9.76,2.22,17.48,61.3,2,17.01,1.67,0.7,0.3543,0
22.59199,88.47623,5.79,15.81,36.41,5.47,0.34,20.91,60.2,5,24.93,2.09,0.69,0.3358,0
22.51171,88.39391,17.55,49.62,72.76,5.39,2.4,28.35,50.4,1,14.33,2.84,0.38,0.3168,0
22.57214,88.33191,9.36,28.0,46.5,4.27,1.43,27.73,72.3,1,14.15,1.5,0.54,0.2971,0
22.52859,88.3674,13.94,45.75,75.15,5.11,1.21,29.64,83.2,1,15.5,2.54,0.85,0.4784,0
22.4774,88.39871,25.91,56.64,89.46,3.79,0.46,19.96,73.8,2,19.65,2.31,0.42,0.5905,1
22.63429,88.29462,34.18,80.19,153.89,7.44,0.1,18.74,86.3,2,12.72,2.53,0.9,0.7685,1
22.486,88.40447,6.61,16.39,36.52,3.3,2.18,28.8,51.4,1,23.14,1.34,0.38,0.1829,0
22.64055,88.47624,12.99,31.35,60.98,7.83,0.45,12.52,66.8,3,5.61,1.34,0.42,0.3547,0
22.54474,88.31802,7.84,24.5,53.15,7.88,1.5,16.6,75.5,4,14.24,4.09,0.62,0.4615,0
22.49518,88.43852,5.54,17.77,36.0,2.85,1.57,9.43,78.8,2,15.73,4.13,0.94,0.5973,1
22.56296,88.46158,38.24,107.22,146.46,9.91,0.97,10.47,79.8,3,17.75,2.36,0.52,0.7595,1
22.62586,88.46874,59.99,117.07,209.9,7.63,1.22,16.28,81.4,5,10.8,3.52,0.75,0.917,1
22.59912,88.47203,11.56,35.51,57.66,8.15,1.41,8.66,77.6,5,13.98,3.1,0.7,0.5382,1
22.61325,88.38429,34.79,63.18,98.76,4.83,1.13,16.34,49.7,3,15.18,1.37,0.4,0.5216,1
22.58517,88.47546,56.82,156.8,208.62,7.87,0.4,30.27,79.8,4,19.43,1.95,0.47,0.859,1
22.59153,88.43146,46.79,97.31,161.15,8.98,0.16,10.08,81.2,4,21.24,2.0,0.93,0.8425,1
22.62135,88.31233,5.05,13.13,31.27,6.28,0.5,22.85,94.7,5,20.49,2.91,0.43,0.4223,0
22.50744,88.37538,78.26,174.79,249.17,10.9,0.67,39.05,79.7,2,12.17,2.86,0.77,0.9085,1
22.55299,88.42367,11.82,35.86,71.37,6.6,2.83,34.9,79.3,2,25.99,3.96,0.96,0.4276,0
22.50203,88.32947,10.36,23.11,46.03,9.01,0.26,18.38,70.7,5,22.82,3.53,0.38,0.3959,0
22.64766,88.40812,1.61,6.85,19.79,7.14,3.15,39.44,88.4,3,10.46,3.74,0.57,0.2392,0
22.63937,88.41332,16.65,48.27,69.56,7.79,3.93,19.21,94.8,4,9.1,3.85,0.45,0.5461,1
22.46749,88.31254,2.89,11.92,30.26,2.82,0.52,10.47,84.0,7,11.59,3.56,0.45,0.5756,1
22.59406,88.39302,7.14,19.18,35.1,7.32,3.83,41.8,75.6,4,14.5,2.07,0.38,0.1692,0
22.6358,88.43433,9.53,22.95,48.97,4.88,0.85,37.58,48.9,6,22.87,1.69,0.74,0.2499,0
22.49431,88.37978,41.36,92.31,158.77,4.64,0.72,23.84,81.3,3,21.35,2.83,0.81,0.8181,1
22.56791,88.28242,52.08,147.8,218.95,10.34,2.83,30.66,80.4,5,22.88,3.21,0.76,0.847,1
22.63394,88.28181,9.01,25.38,39.75,6.03,1.17,30.82,83.8,3,10.71,2.24,0.93,0.3821,0
22.46645,88.35141,48.92,111.28,142.92,4.29,1.03,14.61,51.2,1,17.46,3.71,0.4,0.8033,1
22.59251,88.46524,48.66,142.96,197.96,5.71,0.49,14.8,77.7,2,10.95,4.07,0.52,0.9131,1
22.5165,88.32574,36.17,82.77,118.44,3.64,0.54,23.97,59.8,2,7.29,2.82,0.53,0.6785,1
22.63564,88.40687,3.97,7.18,19.84,9.65,1.06,38.99,83.0,3,19.37,2.46,0.46,0.1806,0
22.6445,88.32442,29.31,58.31,83.21,4.97,2.83,8.34,57.0,3,8.0,3.7,0.4,0.6215,1
22.63941,88.34433,72.52,158.49,254.32,7.66,0.26,34.61,79.2,3,19.02,1.08,0.63,0.8891,1
22.5501,88.44961,28.69,53.97,94.36,9.48,0.89,9.96,59.7,4,18.61,1.41,0.87,0.5327,1
22.62379,88.42577,10.07,31.74,54.78,5.4,0.2,24.26,45.4,2,22.02,3.71,0.95,0.4014,0
22.62046,88.29908,17.36,48.81,69.41,7.67,0.46,29.69,76.7,3,7.93,3.34,0.39,0.4426,0
22.52063,88.36574,25.94,57.78,76.73,4.23,1.69,31.35,50.7,3,21.45,2.33,0.86,0.4592,0
22.61749,88.28583,17.86,45.66,61.1,11.88,0.37,9.99,78.0,0,25.98,3.84,0.86,0.5282,1
22.46703,88.37618,3.19,15.02,35.77,8.56,2.3,22.23,91.3,4,22.87,2.12,0.56,0.3036,0
22.57329,88.41249,9.35,33.38,53.32,6.08,0.37,27.85,93.5,5,20.79,3.03,0.37,0.4735,0
22.5037,88.3037,40.54,115.62,211.36,4.8,0.56,10.25,56.8,6,18.91,3.03,0.97,0.8907,1
22.48291,88.33778,49.41,115.17,181.38,6.25,0.1,12.59,85.5,0,13.86,1.59,0.75,0.8558,1
22.47462,88.35957,3.69,10.41,24.73,5.75,2.31,30.56,62.7,2,20.34,1.91,0.97,0.2218,0
22.59229,88.46391,76.12,179.05,289.72,10.8,2.05,25.74,90.0,6,20.21,3.93,0.63,0.959,1
22.52458,88.47865,9.97,29.66,54.6,3.8,0.21,13.5,84.4,3,18.26,1.59,0.57,0.5052,1
22.59771,88.28898,27.14,52.0,74.62,6.8,0.73,26.2,48.7,4,21.72,1.56,0.47,0.3727,0
22.47242,88.4322,34.84,69.51,95.62,6.46,0.67,39.03,65.4,2,14.42,2.53,0.97,0.5419,1
22.51991,88.35434,41.78,100.11,172.5,6.24,0.61,8.53,61.9,1,7.55,1.3,0.47,0.7331,1
22.5625,88.35849,72.85,146.21,222.98,6.26,3.95,29.85,84.3,2,16.74,3.86,0.32,0.9024,1
22.61024,88.43085,9.38,22.42,47.34,6.24,0.6,10.5,65.5,3,10.57,1.32,0.65,0.3709,0
22.52056,88.46369,48.89,126.29,216.16,8.42,0.39,8.22,79.2,6,13.07,2.97,0.56,0.9067,1
22.57892,88.47019,3.53,5.8,11.62,7.84,0.11,13.12,75.1,3,5.37,2.09,0.48,0.2991,0
22.62834,88.39542,30.52,74.64,122.95,7.42,0.42,22.38,93.8,2,13.04,3.57,0.73,0.7484,1
22.57701,88.35142,33.87,83.5,138.16,2.0,2.82,35.28,91.9,3,21.98,2.89,0.55,0.7271,1
22.50426,88.43751,28.31,81.59,147.57,7.16,1.16,17.58,66.4,2,16.4,2.24,0.57,0.6202,1
22.46464,88.3302,7.27,20.41,46.48,2.86,1.16,29.27,81.2,2,5.21,4.15,0.32,0.4305,0
22.62532,88.39281,51.6,89.4,151.32,7.92,0.45,21.98,86.5,4,14.87,1.21,0.7,0.7766,1
22.46404,88.35172,4.62,19.03,40.56,9.74,2.49,15.97,89.9,3,11.12,2.85,0.38,0.3258,0
22.62619,88.41133,1.38,11.96,26.99,4.46,1.52,25.48,48.4,4,15.03,4.17,0.45,0.2827,0
22.5605,88.32808,31.6,91.59,142.74,5.92,0.62,35.11,60.1,6,13.5,3.21,0.79,0.677,1
22.63842,88.31832,16.13,39.44,67.48,5.18,0.33,36.3,61.0,4,24.57,3.37,0.51,0.3973,0
22.61177,88.46365,47.28,97.46,179.17,9.22,0.89,36.78,66.7,4,5.86,1.1,0.41,0.5751,1
22.64961,88.30036,12.09,38.72,71.43,6.71,0.36,19.51,53.5,2,19.36,1.07,0.69,0.3158,0
22.52664,88.38119,4.61,14.45,22.95,10.3,0.8,34.98,69.8,0,22.87,1.12,0.45,0.1205,0
22.60577,88.32417,45.26,112.48,215.16,7.41,1.07,15.21,78.2,3,25.14,4.17,0.48,0.8751,1
22.53637,88.28779,19.9,47.2,66.93,7.03,0.47,33.11,69.9,2,8.73,4.13,0.72,0.4856,0
22.55118,88.2872,5.24,19.52,38.44,6.65,1.37,40.25,78.3,2,16.16,2.07,0.8,0.2384,0
22.57923,88.31504,31.86,67.19,121.97,8.3,0.48,8.47,48.3,2,5.92,1.93,0.8,0.5869,1
22.626,88.45335,17.89,35.9,77.09,2.68,1.06,22.97,88.8,3,15.48,1.47,0.63,0.5423,1
22.64698,88.3365,23.18,60.38,82.04,6.69,0.83,30.02,92.0,5,7.63,2.05,0.61,0.5684,1
22.60597,88.47009,15.45,44.16,84.22,6.35,3.46,31.86,75.9,1,22.6,2.18,0.84,0.3601,0
22.53938,88.39632,44.11,86.78,139.63,8.1,0.96,13.99,89.1,7,7.39,3.39,0.43,0.8396,1
22.54006,88.36732,44.23,116.85,173.8,6.09,2.03,41.05,51.6,5,15.78,3.77,0.4,0.6824,1
22.60014,88.39602,30.89,54.64,76.99,4.21,0.65,28.92,84.9,2,15.94,3.39,0.75,0.6678,1
22.50537,88.38334,2.78,9.34,23.08,6.52,0.37,13.59,51.0,2,25.4,3.07,0.58,0.2872,0
22.48099,88.43176,45.64,82.92,133.12,4.12,1.43,8.7,65.4,5,18.75,3.45,0.78,0.8559,1
22.52738,88.3365,27.79,79.61,106.62,2.26,0.45,34.63,61.2,2,11.04,3.36,0.47,0.608,1
22.51458,88.35061,29.85,79.86,140.17,8.1,1.75,10.71,74.3,7,10.06,2.52,0.52,0.7211,1
22.5163,88.45882,11.27,33.73,68.43,7.77,0.24,12.8,60.1,5,7.69,2.07,0.91,0.4569,0
22.50439,88.46929,52.86,140.3,253.52,7.53,1.27,27.54,76.9,3,20.89,1.9,0.59,0.8464,1
22.468,88.45851,32.31,81.27,161.57,9.37,0.94,28.52,63.4,3,19.51,3.17,0.7,0.6074,1
22.4634,88.36389,2.99,13.98,27.16,5.04,2.97,31.35,88.0,2,17.81,4.07,0.37,0.3209,0
22.64767,88.43607,13.1,33.29,75.18,3.35,1.38,21.38,76.7,1,5.86,2.86,0.42,0.4675,0
22.54128,88.37527,54.37,147.56,271.76,6.35,0.84,34.31,55.8,4,21.02,3.92,0.32,0.8583,1
22.53302,88.37951,1.21,8.38,16.75,5.74,1.86,41.13,61.8,10,18.48,1.05,0.59,0.1753,0
22.58913,88.32094,81.37,147.61,196.31,4.65,0.1,17.22,87.4,2,25.24,3.54,0.97,0.9692,1
22.50147,88.39823,28.42,72.61,115.93,6.32,1.53,31.9,64.3,4,17.33,3.73,0.89,0.6277,1
22.64049,88.31723,24.95,49.03,79.12,5.15,1.65,39.57,71.8,3,11.38,3.02,0.73,0.4652,0
22.60941,88.34631,7.89,24.87,49.44,2.46,1.8,31.33,77.4,1,13.01,3.99,0.89,0.4656,0
22.47699,88.45101,7.15,20.19,41.21,5.53,1.7,31.16,62.4,3,8.69,2.89,0.7,0.2908,0
22.53934,88.32142,71.21,172.73,302.37,4.0,1.48,15.61,59.7,2,20.18,1.77,0.55,0.9396,1
22.62703,88.29423,8.86,22.61,42.02,7.01,0.68,26.19,68.8,4,19.86,1.69,0.42,0.2743,0
22.6395,88.2938,37.35,69.24,95.05,5.06,1.09,27.13,55.7,5,9.21,2.78,0.74,0.6326,1
22.54881,88.46816,12.49,33.17,62.4,8.95,0.51,31.8,59.2,2,8.33,3.9,0.43,0.3018,0
22.57655,88.38138,3.75,19.55,32.75,10.03,0.4,41.89,48.1,2,6.62,1.23,0.58,0.1005,0
22.49174,88.36188,0.27,6.12,17.19,7.99,0.71,9.14,60.2,6,24.15,2.93,0.86,0.3616,0
22.64832,88.44218,19.65,49.74,76.09,3.09,0.8,10.22,61.0,3,9.89,3.46,0.39,0.6165,1
22.50402,88.44717,93.01,232.33,443.22,9.81,1.33,10.65,93.1,7,12.23,1.37,0.39,0.9884,1
22.63912,88.34644,11.52,31.71,50.05,9.97,2.63,33.26,74.5,4,10.89,1.37,0.45,0.2051,0
22.58343,88.41872,11.05,26.71,39.87,6.54,2.0,12.64,84.4,4,13.69,2.17,0.68,0.4621,0
22.57547,88.43422,10.54,22.63,39.48,9.41,1.24,29.16,47.3,3,20.0,1.88,0.47,0.1709,0
22.55741,88.41093,18.38,36.87,74.34,5.29,2.38,19.04,50.3,4,23.28,1.63,0.64,0.3681,0
22.50383,88.31032,14.53,42.88,78.99,2.39,0.97,23.55,85.7,1,8.83,1.64,0.51,0.4976,0
22.49354,88.45518,52.99,99.73,155.87,4.83,1.5,15.33,76.2,3,19.41,1.42,0.64,0.8187,1
22.50189,88.38782,17.61,42.77,88.61,10.3,0.68,37.45,54.5,5,12.4,2.95,0.49,0.2883,0
22.49542,88.33649,17.72,34.55,65.67,3.22,0.95,27.93,65.2,6,25.59,3.2,0.97,0.5673,1
22.60812,88.36505,3.72,13.6,28.28,6.5,0.75,40.12,71.9,3,11.28,3.25,0.64,0.2481,0
22.52652,88.28751,101.48,262.09,450.0,6.58,0.14,27.54,87.2,5,5.15,2.7,0.81,0.99,1
22.47099,88.30557,7.19,20.65,35.27,5.37,0.15,12.21,48.0,3,15.83,4.05,0.78,0.4429,0
22.64413,88.43311,1.9,8.25,20.27,5.52,0.21,13.81,74.8,1,8.17,3.82,0.63,0.4093,0
22.62792,88.28,27.2,64.13,129.21,6.66,1.24,41.63,80.9,3,5.93,4.06,0.46,0.5636,1
22.63627,88.36331,22.62,40.93,80.62,5.26,2.67,32.67,93.9,4,19.66,2.24,0.65,0.5067,1
22.64903,88.3845,13.41,29.19,65.98,3.37,2.37,9.68,85.4,4,20.38,3.81,0.76,0.6655,1
22.49304,88.29093,13.71,39.39,77.79,6.97,1.51,31.93,58.8,3,14.67,3.44,0.61,0.3569,0
22.53529,88.47462,38.44,104.03,139.57,8.86,0.57,22.01,80.5,3,19.21,2.09,0.36,0.689,1
22.60407,88.32523,5.44,17.43,41.42,8.41,0.39,18.45,83.2,7,16.3,1.34,0.31,0.3258,0
22.59224,88.34084,42.91,115.45,182.42,4.72,1.06,13.24,81.5,3,18.23,3.18,0.52,0.8767,1
22.48924,88.34079,26.16,69.67,142.47,3.75,0.56,36.56,86.0,5,17.53,1.44,0.4,0.5934,1
22.61501,88.32608,13.57,27.39,45.98,5.87,0.19,10.17,90.2,4,18.98,1.94,0.92,0.5913,1
22.50264,88.28029,15.31,42.98,74.84,9.95,0.33,17.85,49.9,2,9.19,2.6,0.42,0.3169,0
22.50253,88.42587,7.41,26.17,51.57,7.92,0.68,18.42,50.2,2,10.64,3.18,0.57,0.3019,0
22.56203,88.47337,34.87,93.01,140.69,8.05,2.6,13.47,84.8,6,14.24,3.96,0.78,0.8269,1
22.57266,88.32486,17.98,44.34,60.32,8.46,0.12,25.28,57.6,4,14.37,2.9,0.85,0.4289,0
22.57022,88.41261,9.67,25.98,56.84,7.43,0.25,8.4,47.9,2,21.26,3.15,0.62,0.3893,0
22.47738,88.42838,22.66,67.32,124.47,6.77,0.74,18.23,65.1,4,12.72,1.99,0.42,0.5457,1
22.62672,88.44969,136.43,300.0,402.68,7.96,0.44,39.74,86.0,4,8.41,3.2,0.48,0.99,1
22.51046,88.36453,14.28,44.1,89.54,5.3,1.37,18.56,51.3,11,10.28,2.4,0.58,0.519,1
22.48461,88.34059,63.36,120.68,207.49,3.39,0.76,20.26,78.6,2,9.51,3.74,0.55,0.9252,1
22.62886,88.34506,10.58,22.89,46.11,8.09,0.18,24.09,45.2,2,20.36,2.26,0.54,0.2306,0
22.64157,88.42252,1.41,5.8,16.18,9.22,0.57,27.1,50.5,3,14.88,2.5,0.39,0.1494,0
22.6238,88.44336,5.71,14.87,37.09,4.04,1.1,35.5,62.5,2,19.88,2.38,0.92,0.2776,0
22.61381,88.31632,13.56,33.09,68.35,8.31,1.65,14.47,49.2,6,13.74,3.6,0.32,0.3875,0
22.5845,88.35419,6.2,13.69,30.41,10.2,0.25,37.64,87.3,6,23.68,4.05,0.6,0.3304,0
22.56466,88.46039,0.01,4.76,14.98,6.5,1.16,33.76,88.2,2,25.65,2.05,0.97,0.261,0
22.47653,88.44134,61.63,103.62,133.83,4.7,0.7,32.57,82.8,0,19.07,2.52,0.75,0.8193,1
22.53761,88.47697,46.43,127.21,202.6,6.77,2.36,10.95,57.1,4,23.14,3.26,0.54,0.8436,1
22.53081,88.43085,33.9,73.35,108.43,5.29,0.58,8.74,71.2,3,15.67,3.87,0.4,0.7695,1
22.50935,88.35864,4.59,14.38,30.19,5.14,0.19,28.2,54.2,4,24.63,2.58,0.96,0.3104,0
22.59745,88.39813,3.21,13.15,31.38,7.45,0.47,37.35,59.1,2,22.46,1.35,0.31,0.1309,0
22.55422,88.4122,1.75,6.83,18.92,2.97,0.1,27.87,70.8,4,25.83,2.18,0.76,0.3337,0
22.4754,88.29569,32.19,90.6,136.39,3.32,0.12,15.25,81.8,5,18.08,2.76,0.9,0.8506,1
22.50183,88.3889,66.06,107.2,150.75,6.54,1.38,11.08,49.7,4,21.36,2.34,0.32,0.8142,1
22.58982,88.42186,14.08,25.95,50.01,6.45,1.25,31.79,59.8,3,16.4,1.6,0.79,0.2763,0
22.47446,88.31346,3.17,11.38,27.66,7.26,1.44,32.54,91.3,2,10.44,1.12,0.98,0.2576,0
22.62173,88.43613,17.96,44.22,86.09,10.63,0.52,13.87,66.5,5,12.45,3.2,0.73,0.5159,1
22.55408,88.39675,10.72,30.63,69.34,6.73,0.34,8.96,91.9,4,23.77,4.18,0.58,0.6565,1
22.55131,88.47044,11.74,30.27,56.06,7.82,4.44,21.88,94.6,3,6.17,3.94,0.89,0.4916,0
22.57256,88.28848,24.28,60.44,111.69,4.35,1.05,27.81,71.3,1,17.42,3.19,0.68,0.5871,1
22.61669,88.33307,31.71,66.89,94.05,8.19,0.29,32.0,59.4,6,12.82,3.69,0.81,0.6005,1
22.52608,88.40031,2.93,16.19,31.74,5.34,2.88,35.54,84.5,4,13.12,1.82,0.7,0.2566,0
22.58882,88.33931,0.91,5.77,14.01,6.66,2.57,28.76,53.0,3,23.58,2.99,0.33,0.16,0
22.56749,88.42288,129.32,254.7,405.16,6.26,1.57,11.77,57.6,4,22.93,1.19,0.44,0.99,1
22.51074,88.4318,6.62,21.03,48.26,8.77,0.79,31.21,84.2,1,17.58,3.26,0.35,0.281,0
22.62694,88.3005,1.38,6.16,19.79,3.62,0.39,41.46,66.7,4,10.73,4.1,0.37,0.2653,0
22.61151,88.38277,5.26,13.96,27.44,2.0,0.6,38.79,55.1,0,14.98,3.75,0.31,0.24,0
22.58511,88.38178,0.99,7.16,18.76,6.03,2.3,37.64,77.6,2,13.57,2.71,0.59,0.2013,0
22.62161,88.35386,12.43,26.7,41.41,7.53,0.45,18.27,81.6,4,12.43,3.52,0.42,0.4701,0
22.62479,88.46658,40.54,90.49,136.92,6.83,0.24,33.53,51.3,4,7.16,4.02,0.88,0.7064,1
22.59459,88.4455,10.44,26.76,49.62,9.21,1.55,36.94,58.8,2,16.41,1.69,0.81,0.1886,0
22.61903,88.41944,14.68,36.19,71.0,7.46,0.89,31.06,56.1,3,11.34,3.54,0.69,0.363,0
22.59252,88.42287,28.14,67.5,131.16,5.26,0.47,16.52,64.0,6,18.88,1.86,0.63,0.6656,1
22.58923,88.37234,17.78,33.84,65.4,2.0,0.51,40.43,83.2,5,11.7,3.81,0.47,0.5406,1
22.57754,88.4642,49.41,129.96,239.52,5.98,0.1,23.33,80.7,1,14.05,1.31,0.62,0.8443,1
22.60302,88.41892,50.25,126.05,200.56,8.76,0.55,12.41,78.1,4,6.1,1.57,0.74,0.8582,1
22.49013,88.4258,0.25,7.36,19.34,5.64,2.13,11.73,45.3,2,25.84,3.31,0.83,0.283,0
22.62737,88.45234,37.63,64.06,104.08,6.56,0.34,30.02,52.1,4,15.66,1.56,0.36,0.4626,0
22.62565,88.33481,15.44,42.53,75.98,7.43,4.97,22.88,56.2,5,5.51,1.51,0.78,0.2988,0
22.46556,88.44141,112.39,300.0,450.0,4.27,0.91,11.21,58.6,3,16.37,2.78,0.81,0.99,1
22.61691,88.31905,16.5,34.89,57.9,7.87,0.17,33.17,52.3,11,23.28,3.67,0.68,0.4459,0
22.48449,88.34907,108.37,219.34,333.1,10.1,4.21,35.18,65.5,2,21.22,1.86,0.45,0.9465,1
22.52367,88.34712,35.12,72.68,109.64,6.12,3.31,32.66,48.8,6,19.72,3.69,0.67,0.559,1
22.60127,88.47571,7.15,19.68,44.67,4.02,1.87,14.88,82.5,4,7.93,3.59,0.64,0.5272,1
22.49054,88.45131,19.33,44.4,74.24,6.35,0.38,31.45,84.4,4,18.81,2.85,0.62,0.5147,1
22.61541,88.42023,121.14,251.47,443.98,2.0,1.23,8.36,73.7,5,21.09,3.07,0.61,0.99,1
22.61811,88.42541,48.72,123.88,222.4,7.24,1.25,18.37,49.5,2,17.02,1.13,0.38,0.7121,1
22.55642,88.39241,2.56,11.77,23.26,7.5,1.45,21.56,89.5,2,23.75,2.17,0.42,0.2827,0
22.46121,88.46942,30.64,73.29,123.96,10.19,0.24,36.4,93.3,4,10.82,1.84,0.37,0.5201,1
22.51454,88.37925,10.6,25.32,50.88,6.07,0.95,21.27,55.1,5,10.09,1.48,0.46,0.2933,0
22.57722,88.3561,0.18,3.16,15.8,7.4,0.42,8.38,80.2,5,23.26,2.25,0.48,0.3573,0
22.64643,88.31261,12.92,24.25,54.52,4.61,1.43,19.98,87.1,2,18.13,2.14,0.47,0.4381,0
22.58004,88.43724,6.69,16.4,32.89,5.72,0.27,24.96,72.0,4,5.03,3.33,0.44,0.3675,0
22.50936,88.42689,42.71,115.06,151.11,3.14,0.83,40.27,61.2,2,12.42,2.91,0.8,0.7375,1
22.58046,88.35687,10.29,22.47,47.01,6.07,0.47,40.0,68.9,2,23.01,3.92,0.86,0.3495,0
22.5626,88.28504,43.94,115.95,212.71,5.83,1.26,14.15,70.6,2,5.57,1.47,0.52,0.8014,1
22.60817,88.4478,0.01,5.34,19.2,7.16,1.54,14.29,65.0,3,5.07,1.19,0.51,0.2106,0
22.48033,88.28228,9.2,22.12,41.94,5.13,0.38,13.55,91.5,6,10.91,2.71,0.87,0.6055,1
22.6046,88.42074,6.9,17.87,46.71,6.68,0.62,34.82,82.2,2,24.19,1.0,0.72,0.2491,0
22.56284,88.47405,6.65,21.98,43.17,5.77,0.65,8.2,57.1,2,23.93,3.52,0.5,0.4161,0
22.64297,88.36753,1.77,8.04,23.22,5.77,1.64,12.32,74.3,4,15.89,2.62,0.79,0.3844,0
22.52496,88.32699,5.18,22.83,49.2,6.68,1.84,26.29,79.4,3,16.62,2.56,0.53,0.319,0
22.5802,88.42097,20.27,59.3,96.82,6.59,0.34,16.42,52.0,6,11.97,2.16,0.7,0.5383,1
22.63709,88.44343,8.61,20.18,45.95,8.17,0.22,11.14,62.9,3,10.12,2.2,0.97,0.4004,0
22.47948,88.38929,13.51,37.43,61.34,6.23,0.18,20.24,90.3,4,22.12,2.38,0.51,0.5208,1
22.63807,88.47341,11.82,31.8,54.01,5.73,2.29,17.32,73.4,4,7.23,1.05,0.93,0.4056,0
22.5907,88.29033,52.17,120.12,191.97,6.1,1.82,25.38,55.8,3,15.23,1.27,0.52,0.7256,1
22.47289,88.38096,58.93,101.14,173.88,4.93,0.99,41.29,51.1,4,18.32,2.62,0.67,0.729,1
22.51718,88.42369,16.98,35.01,60.22,5.71,2.72,12.23,70.9,4,7.18,1.48,0.61,0.4385,0
22.59455,88.45253,10.02,27.89,38.98,10.97,0.57,20.67,72.4,5,15.91,3.49,0.83,0.4009,0
22.4728,88.31585,2.82,11.87,22.21,4.49,0.76,39.69,61.7,4,17.13,1.88,0.34,0.1797,0
22.57061,88.44,76.66,156.73,241.89,5.89,1.73,37.81,76.5,0,20.59,1.31,0.73,0.8761,1
22.52572,88.39054,1.55,5.5,16.53,5.65,0.31,21.41,48.4,2,9.93,1.75,0.82,0.2164,0
22.57797,88.35931,8.83,27.28,48.19,5.96,0.54,31.76,52.3,6,11.16,2.14,0.62,0.2858,0
22.46869,88.30634,8.85,24.41,39.37,5.77,1.24,10.99,72.3,4,16.96,1.11,0.37,0.3531,0
22.62559,88.45306,9.66,21.81,38.83,7.11,1.34,32.23,48.1,3,25.65,1.45,0.47,0.1704,0
22.64496,88.31145,4.49,13.91,30.36,2.74,1.14,41.08,89.0,2,9.57,2.04,0.76,0.3104,0
22.64409,88.34196,38.22,76.23,103.02,8.78,0.31,26.27,52.1,7,25.7,1.99,0.91,0.6017,1
22.60243,88.33801,3.27,13.24,36.52,7.89,2.16,24.95,78.7,2,20.0,3.56,0.59,0.2997,0
22.48472,88.45428,25.19,59.63,89.13,3.77,2.56,14.37,64.6,1,22.35,3.7,0.68,0.6363,1
22.60407,88.41454,3.31,12.78,18.86,2.0,0.87,29.55,65.0,4,6.88,1.62,0.46,0.2691,0
22.46467,88.43934,1.83,9.15,18.12,4.35,0.89,28.07,83.2,3,11.31,1.4,0.58,0.2755,0
22.4642,88.33009,60.04,125.98,157.83,5.97,2.76,30.17,70.0,3,6.21,3.03,0.53,0.8125,1
22.52149,88.40497,5.27,18.16,37.97,12.18,0.11,8.89,81.3,4,12.8,3.57,0.75,0.4281,0
22.55284,88.39435,43.04,101.26,193.23,7.7,0.88,26.66,70.3,1,25.61,4.08,0.97,0.8094,1
22.60638,88.44657,19.67,37.59,68.95,2.52,0.28,28.23,74.6,2,7.21,1.02,0.85,0.475,0
22.58983,88.46122,2.03,5.6,15.23,4.98,2.49,15.06,83.0,5,16.81,2.32,0.43,0.3439,0
22.54472,88.28243,77.78,183.16,268.31,6.38,1.66,15.08,75.4,3,5.13,3.35,0.69,0.9662,1
22.51199,88.4148,7.09,23.05,41.25,7.06,1.63,17.39,75.8,4,19.97,3.65,0.35,0.3985,0
22.64945,88.29037,49.09,101.51,203.23,3.61,1.49,32.2,84.5,3,9.14,1.2,0.47,0.7759,1
22.54097,88.38977,4.62,19.24,32.41,6.2,2.8,28.61,92.5,1,7.72,3.18,0.42,0.31,0
22.54576,88.33753,48.09,133.11,236.17,4.92,0.82,36.76,63.8,5,12.08,1.92,0.53,0.7984,1
22.49109,88.34136,0.33,3.14,11.89,4.07,1.56,18.05,73.9,5,21.19,1.24,0.76,0.3057,0
22.61101,88.35059,17.92,35.36,58.18,7.07,1.83,39.01,49.3,2,7.24,2.57,0.64,0.2379,0
22.5918,88.40426,36.68,66.76,110.75,8.2,0.86,33.29,62.9,5,9.83,1.51,0.93,0.5311,1
22.50195,88.34681,68.26,172.8,225.27,8.35,1.18,21.43,65.6,5,5.18,3.36,0.44,0.9217,1
22.47565,88.42654,59.98,113.9,206.09,7.76,0.63,11.24,86.8,4,25.34,3.37,0.55,0.9189,1
22.58929,88.36091,42.82,90.33,128.42,5.41,1.43,16.74,70.7,3,17.44,3.69,0.52,0.7929,1
22.58436,88.29367,54.77,125.53,229.89,8.07,1.06,40.53,81.6,3,20.12,2.21,0.46,0.7789,1
22.51192,88.43675,5.55,15.77,26.23,7.18,1.26,18.55,46.0,3,18.68,1.04,0.98,0.2216,0
22.64066,88.33715,8.36,21.4,50.09,6.79,1.78,19.22,68.2,1,8.03,1.83,0.56,0.2838,0
22.4887,88.36655,8.53,22.91,33.76,5.15,2.86,14.45,90.1,4,17.49,2.5,0.94,0.5066,1
22.54214,88.41709,11.83,31.66,64.72,5.41,1.24,35.43,56.2,2,7.76,3.22,0.57,0.3024,0
22.63929,88.34649,12.49,32.17,64.44,6.66,0.53,17.37,46.6,1,13.43,2.22,0.44,0.2975,0
22.53975,88.29132,19.66,55.03,112.74,11.87,1.71,19.23,66.7,0,16.95,2.72,0.38,0.3531,0
22.58132,88.35478,4.36,13.44,20.46,7.16,0.1,22.09,80.2,3,16.74,2.68,0.88,0.3748,0
22.53554,88.46889,29.38,78.16,142.09,5.16,2.53,22.75,67.7,2,7.5,1.53,0.32,0.5327,1
22.5121,88.40835,4.59,15.43,27.07,4.67,0.24,21.99,68.0,5,5.72,2.99,0.96,0.4356,0
22.64696,88.4143,9.29,24.34,41.32,5.42,0.38,25.13,78.5,6,21.76,2.41,0.58,0.4287,0
22.53777,88.40646,17.5,45.9,74.21,11.29,0.6,35.69,57.7,7,20.24,3.59,0.47,0.3349,0
22.62988,88.3198,39.79,84.13,116.15,5.62,1.95,35.86,82.6,4,6.72,3.21,0.72,0.706,1
22.50369,88.36367,33.63,67.06,133.76,8.5,0.13,35.14,52.7,4,7.68,1.36,0.39,0.4004,0
22.50049,88.43019,25.93,65.83,88.27,5.67,0.25,11.44,64.8,5,23.74,2.56,0.35,0.6353,1
22.46592,88.30027,4.23,16.77,33.61,7.07,2.56,35.19,77.8,5,21.15,3.25,0.86,0.3075,0
22.58382,88.33557,19.8,54.01,92.91,8.24,0.81,12.09,86.4,2,25.92,1.28,0.59,0.5287,1
22.53002,88.33526,2.29,7.02,13.56,5.24,1.22,12.24,84.6,7,10.33,3.54,0.65,0.5022,1
22.62423,88.3664,11.84,34.66,68.72,5.09,3.53,40.23,81.1,7,15.24,1.71,0.42,0.3064,0
22.54991,88.47607,13.34,40.87,56.48,10.15,0.83,35.86,63.0,2,9.97,2.61,0.34,0.2232,0
22.64396,88.2935,1.02,10.23,23.72,8.67,0.78,26.78,51.1,4,18.08,4.01,0.55,0.2299,0
22.49525,88.38374,8.0,22.07,41.17,8.24,1.24,37.75,55.8,4,7.42,2.83,0.64,0.2144,0
22.62504,88.31587,77.89,200.84,379.33,8.23,2.09,41.64,88.2,1,7.67,2.36,0.82,0.9501,1
22.60755,88.47414,76.78,199.75,351.78,7.51,0.84,28.76,87.9,1,6.51,1.02,0.64,0.9506,1
22.60648,88.30266,10.86,29.68,64.51,10.94,2.06,28.84,92.6,4,19.57,1.43,0.83,0.3167,0
22.62051,88.36072,1.1,6.51,19.34,6.6,1.0,33.65,48.8,6,15.38,2.85,0.38,0.1784,0
22.60459,88.42758,4.93,10.41,19.07,7.77,0.28,15.89,71.8,1,17.97,2.58,0.34,0.2752,0
22.57898,88.42091,12.45,28.41,45.53,3.31,0.6,13.68,77.4,3,23.47,2.16,0.41,0.4904,0
22.48494,88.36455,73.81,202.72,247.65,4.69,0.1,33.83,80.5,3,20.55,3.95,0.82,0.9681,1
22.46618,88.3493,3.81,12.92,24.52,3.86,1.4,19.73,77.2,3,14.7,2.06,0.82,0.3779,0
22.63496,88.35952,36.05,92.2,162.55,9.3,0.46,12.59,83.5,5,25.67,2.72,0.4,0.7741,1
22.57716,88.33286,2.88,10.42,19.62,2.0,0.45,18.71,63.0,1,14.58,2.82,0.32,0.3243,0
22.61134,88.32107,99.42,173.11,276.03,5.61,0.62,20.19,54.0,1,7.36,2.69,0.77,0.9633,1
22.55149,88.37661,12.02,38.4,73.73,2.0,0.14,40.82,55.2,3,25.85,2.53,0.88,0.3887,0
22.48229,88.33371,37.32,79.56,142.34,4.67,1.49,31.73,45.6,10,5.48,2.08,0.81,0.6591,1
22.48379,88.33749,10.49,24.0,46.6,5.42,2.48,26.05,62.5,3,16.55,3.91,0.44,0.3471,0
22.59026,88.41135,24.7,53.37,82.67,9.55,1.23,40.94,49.6,3,11.49,2.44,0.7,0.2837,0
22.54176,88.47371,5.33,17.16,32.2,7.37,2.28,38.71,61.1,2,15.57,2.69,0.82,0.1931,0
22.4981,88.40073,3.95,15.4,29.89,4.67,0.1,25.41,76.4,3,16.73,3.1,0.47,0.3663,0
22.5534,88.2954,69.54,142.1,245.22,8.85,1.65,38.79,89.7,3,10.04,1.22,0.66,0.8504,1
22.4722,88.29512,62.42,114.12,169.56,6.54,1.61,21.75,87.0,5,16.69,3.5,0.51,0.8982,1
22.57057,88.47028,54.61,109.19,203.67,6.58,1.54,15.83,57.6,7,20.88,2.64,0.45,0.8427,1
22.51111,88.33946,24.55,60.28,113.11,3.85,1.45,15.91,51.7,5,10.6,3.1,0.96,0.6712,1
22.61154,88.29841,41.29,94.89,162.11,4.32,1.24,30.52,54.7,3,13.05,3.47,0.92,0.7536,1
22.51897,88.39981,1.79,11.21,16.87,4.68,3.9,25.04,93.5,2,10.63,3.8,0.6,0.3621,0
22.54649,88.40473,10.19,32.36,53.08,6.6,0.17,30.4,72.5,3,22.23,2.26,0.39,0.3189,0
22.46221,88.4097,9.41,26.56,58.86,6.67,3.36,31.33,54.1,4,20.22,3.6,0.79,0.2979,0
22.47376,88.33348,25.24,70.47,116.91,9.9,1.71,8.76,87.0,5,23.3,1.83,0.47,0.631,1
22.53457,88.28302,11.0,23.3,36.54,7.35,0.94,9.84,64.8,5,8.57,3.11,0.41,0.4265,0
22.55119,88.473,4.02,16.82,28.94,2.0,1.35,26.11,90.0,3,6.55,1.33,0.56,0.368,0
22.574,88.33018,22.69,44.7,72.13,7.08,0.13,14.5,58.0,5,7.51,1.06,0.66,0.4605,0
22.51542,88.41521,42.1,80.35,150.86,3.31,0.57,29.51,64.7,4,8.38,1.31,0.37,0.6537,1
22.59205,88.42133,12.04,26.59,46.08,4.37,1.37,26.77,70.2,4,16.19,2.02,0.69,0.3806,0
22.62342,88.402,3.55,16.46,34.88,4.71,2.35,27.92,89.6,4,25.39,1.1,0.31,0.2662,0
22.60817,88.34258,5.48,12.45,24.89,5.04,0.92,18.28,88.4,5,12.5,3.02,0.91,0.5077,1
22.46753,88.33422,6.78,15.02,31.52,3.47,0.41,29.75,73.7,7,25.13,2.01,0.93,0.4175,0
22.5513,88.39953,8.91,18.67,41.64,6.95,0.68,36.2,56.1,6,5.8,3.36,0.8,0.3057,0
22.47994,88.45322,25.74,69.19,134.7,3.4,0.61,41.93,65.2,4,24.46,1.15,0.62,0.4773,0
22.50599,88.46935,22.97,59.4,102.57,7.28,0.61,36.51,93.8,7,8.8,1.69,0.47,0.5305,1
22.64747,88.30118,29.77,65.3,90.42,11.42,0.1,26.95,75.4,4,24.16,2.31,0.81,0.5229,1
22.48707,88.31097,11.26,35.84,57.45,3.58,2.92,14.58,84.1,7,6.18,2.22,0.93,0.5973,1
22.55479,88.46895,43.43,102.18,174.65,5.87,1.89,31.17,67.5,4,24.91,1.42,0.41,0.6558,1
22.57745,88.42731,5.71,20.85,43.37,2.0,1.82,39.88,71.6,4,9.22,4.18,0.62,0.3875,0
22.59347,88.4566,15.83,35.22,68.17,5.84,1.21,15.2,66.4,0,11.36,1.91,0.51,0.3889,0
22.56633,88.32053,40.35,112.42,153.14,7.91,1.03,16.7,80.1,3,15.31,3.31,0.54,0.8111,1
22.46186,88.39752,4.97,14.11,40.05,8.09,2.14,13.07,87.6,1,13.0,1.7,0.58,0.3125,0
22.52203,88.42023,2.91,12.47,20.73,6.67,1.51,33.05,70.4,5,19.02,3.81,0.95,0.3315,0
22.55837,88.41602,53.79,93.17,165.51,8.46,0.83,21.82,69.0,2,25.47,2.24,0.48,0.733,1
22.47669,88.36163,10.5,25.34,45.12,12.1,3.85,10.13,62.0,5,17.73,3.88,0.64,0.3374,0
22.52662,88.28308,28.79,63.06,121.36,10.27,1.88,37.75,53.9,2,20.15,2.09,0.95,0.3569,0
22.46631,88.39659,0.64,6.33,13.3,5.35,0.99,26.96,92.0,4,6.85,1.03,0.62,0.2779,0
22.47493,88.33062,29.28,56.06,90.48,3.31,0.95,19.26,60.8,1,18.18,2.65,0.89,0.6264,1
22.53542,88.37005,9.5,27.07,57.08,5.61,0.34,19.7,85.0,6,14.53,2.68,0.34,0.4858,0
22.48522,88.47152,1.43,7.57,18.23,4.42,0.11,17.87,80.8,1,23.6,1.38,0.95,0.3502,0
22.56783,88.35981,23.53,65.58,122.21,7.49,0.55,23.49,84.5,8,13.15,1.75,0.43,0.6148,1
22.591,88.44796,6.89,24.99,50.71,3.9,1.38,19.46,91.8,6,19.27,3.51,0.97,0.6228,1
22.61211,88.31771,12.23,35.51,66.03,6.34,0.48,26.63,76.2,3,9.79,1.12,0.42,0.3301,0
22.49803,88.41449,2.1,10.28,25.97,8.34,0.64,34.3,89.9,2,10.45,2.57,0.6,0.2503,0
22.49182,88.4754,3.98,15.17,35.2,6.28,0.89,30.93,53.4,3,12.9,2.7,0.51,0.2164,0
22.47987,88.30038,8.84,24.93,49.26,4.42,3.41,18.01,76.3,2,11.39,3.2,0.59,0.4162,0
22.58092,88.28166,2.35,14.16,30.56,9.08,0.22,25.98,83.6,3,10.33,1.12,0.47,0.222,0
22.59423,88.36672,60.43,119.15,209.87,2.37,0.35,36.56,58.6,5,6.04,2.87,0.96,0.8844,1
22.466,88.29853,0.15,2.72,13.55,5.78,2.6,10.32,82.0,3,22.57,1.01,0.51,0.2678,0
22.63788,88.42968,16.53,48.86,73.72,6.41,0.71,10.66,83.9,2,6.35,1.85,0.74,0.5715,1
22.46987,88.46291,3.29,11.2,23.12,6.53,0.52,26.91,86.6,3,23.63,2.6,0.39,0.3041,0
22.56285,88.3668,9.19,21.7,37.72,6.9,0.1,29.73,60.6,4,7.63,3.92,0.86,0.3837,0
22.59472,88.33174,65.11,142.56,213.66,7.84,1.32,15.19,79.1,1,6.37,1.41,0.67,0.8843,1
22.62548,88.36688,4.41,15.27,29.81,6.42,0.33,33.34,60.2,2,16.82,1.54,0.97,0.2219,0
22.59568,88.42469,84.41,231.45,414.44,5.69,1.11,29.97,82.0,2,15.55,3.14,0.59,0.9825,1
22.61233,88.28181,5.76,22.17,35.68,5.6,1.84,39.39,68.1,3,15.32,2.2,0.43,0.2071,0
22.5245,88.39789,33.83,85.93,167.87,5.15,0.92,13.74,74.9,4,17.06,2.99,0.54,0.7953,1
22.61482,88.40266,19.78,57.97,99.16,8.23,2.54,33.55,65.8,4,11.03,4.19,0.8,0.4854,0
22.47522,88.40754,53.96,98.89,192.15,5.08,0.74,10.84,53.1,3,18.92,4.16,0.75,0.8844,1
22.63002,88.3284,20.19,44.84,83.66,8.36,0.75,27.22,53.9,8,15.55,2.13,0.83,0.4338,0
22.56404,88.42281,19.12,53.75,93.94,6.54,2.69,26.76,48.9,5,12.03,2.61,0.35,0.3588,0
22.61529,88.29828,5.44,21.22,31.83,5.35,2.11,21.21,75.9,5,22.36,3.9,0.69,0.448,0
22.54594,88.31985,4.54,15.68,31.93,7.86,0.91,36.72,87.4,1,20.28,1.29,0.93,0.2327,0
22.58228,88.45549,62.07,134.63,162.17,4.9,2.69,8.15,46.0,2,13.27,2.45,0.37,0.8371,1
22.56002,88.42774,9.93,23.49,51.53,7.9,1.11,25.69,48.3,4,22.8,2.21,0.36,0.2229,0
22.599,88.28275,11.63,28.67,50.88,6.97,0.59,15.38,67.9,4,24.33,1.94,0.79,0.4221,0
22.47551,88.32968,35.66,71.92,137.85,5.19,2.56,33.28,81.9,7,16.27,4.18,0.51,0.7375,1
22.47147,88.32288,10.34,25.96,44.72,7.66,0.4,9.46,52.9,1,9.51,3.35,0.75,0.4,0
22.50695,88.33416,75.95,198.47,353.8,7.7,0.19,36.27,58.6,1,24.23,2.24,0.67,0.93,1
22.49031,88.32951,33.48,58.04,84.25,9.05,3.44,36.5,56.6,4,8.98,3.65,0.97,0.4559,0
22.62564,88.29251,22.75,65.41,98.26,8.63,0.33,36.32,65.0,2,6.02,2.57,0.9,0.4415,0
22.50165,88.37179,53.19,116.94,179.01,7.58,1.69,13.19,56.2,5,11.88,3.79,0.76,0.8664,1
22.64541,88.42655,1.27,9.36,19.92,4.02,3.74,29.43,62.6,3,20.27,1.85,0.48,0.1823,0
22.52401,88.40135,7.43,19.24,36.04,11.89,0.53,8.49,81.4,2,24.39,1.72,0.48,0.2994,0
22.4946,88.41457,15.64,39.57,75.04,3.41,0.85,36.83,75.6,3,18.38,1.79,0.9,0.4372,0
22.61004,88.29623,6.44,18.7,29.25,8.59,1.63,32.58,49.1,6,24.99,2.72,0.7,0.211,0
22.58515,88.4703,34.06,101.48,157.59,7.45,1.57,26.06,76.9,5,6.94,1.93,0.84,0.7176,1
22.55466,88.4477,62.9,169.45,307.06,3.92,0.27,32.84,68.9,7,6.28,1.47,0.61,0.93,1
22.56552,88.44102,13.78,35.23,49.25,6.23,1.9,11.21,91.7,1,17.69,4.18,0.37,0.5672,1
22.59665,88.4446,10.47,24.62,50.48,6.33,0.61,25.97,59.5,3,25.29,3.88,0.53,0.3693,0
22.50341,88.46654,81.46,228.33,435.17,9.37,2.4,17.9,81.3,3,15.56,3.03,0.41,0.9788,1
22.6493,88.38885,14.71,36.09,53.98,4.93,1.31,41.07,81.5,5,6.08,3.85,0.83,0.4823,0
22.64521,88.32006,16.79,34.48,59.9,5.92,0.34,37.14,56.1,7,9.65,3.99,0.78,0.4488,0
22.58356,88.40336,10.83,30.46,51.94,2.0,1.1,32.93,90.2,5,10.14,3.16,0.36,0.501,1
22.49791,88.42858,60.07,169.08,298.27,10.32,0.15,39.75,69.6,3,12.09,2.66,0.72,0.8704,1
22.58924,88.42758,21.04,37.05,70.44,4.14,1.82,19.79,78.9,4,5.92,3.82,0.89,0.6528,1
22.47372,88.38429,35.91,75.29,137.36,7.22,0.27,38.63,52.3,2,24.0,2.82,0.77,0.5263,1
22.46582,88.29369,41.76,118.95,211.87,6.28,1.24,19.06,57.9,3,15.83,1.41,0.65,0.7538,1
22.50896,88.35422,10.46,27.98,42.45,6.28,1.87,32.92,74.3,4,19.09,2.17,0.51,0.2939,0
22.5479,88.46415,14.22,26.43,56.67,8.28,0.82,33.04,61.0,1,6.41,2.43,0.9,0.2798,0
22.62497,88.39689,47.17,111.64,201.98,10.18,1.04,8.62,70.0,5,6.14,3.99,0.59,0.8685,1
22.59816,88.38767,11.28,34.79,62.25,7.05,1.97,20.28,63.7,3,17.32,3.11,0.88,0.42,0
22.60111,88.33377,39.49,93.07,173.64,7.94,1.31,8.66,77.0,1,23.63,3.8,0.83,0.8351,1
22.54084,88.35369,70.75,203.44,353.76,7.22,0.75,41.9,69.4,1,16.1,3.42,0.86,0.9455,1
22.52573,88.45907,24.4,64.55,96.97,8.74,0.39,12.15,45.2,1,23.43,1.99,0.97,0.4911,0
22.5305,88.41329,33.83,59.89,97.9,5.48,2.38,26.46,77.5,3,22.03,3.3,0.81,0.6546,1
22.64765,88.43748,40.88,116.8,186.88,8.87,1.01,34.88,66.1,4,6.59,1.62,0.32,0.6124,1
22.46762,88.37087,46.61,103.05,138.62,8.94,0.46,14.84,62.1,4,9.24,2.31,0.44,0.7329,1
22.62474,88.40605,12.57,26.71,59.48,8.88,0.16,24.49,49.7,5,18.81,3.58,0.32,0.3134,0
22.56995,88.32968,1.32,6.92,14.62,5.05,1.03,28.65,56.0,3,14.31,2.96,0.43,0.2172,0
22.54334,88.42109,12.85,31.25,60.91,6.13,0.79,13.45,56.2,7,11.1,3.64,0.34,0.486,0
22.5978,88.36552,28.0,50.75,82.82,7.03,0.39,34.47,91.8,5,13.79,1.82,0.64,0.5419,1
22.55247,88.36851,14.96,32.18,49.25,3.48,1.33,18.18,66.6,3,14.35,3.4,0.32,0.4748,0
22.62595,88.40986,34.55,81.38,157.54,10.01,0.4,15.17,47.1,6,24.12,1.65,0.62,0.5927,1
22.63113,88.46726,11.04,30.61,61.67,6.47,2.83,26.98,51.9,4,7.17,2.74,0.91,0.3215,0
22.54013,88.2928,25.18,60.71,103.04,7.12,0.61,21.95,49.0,2,10.87,2.39,0.81,0.4827,0
22.5126,88.44495,5.16,14.87,28.34,5.23,0.16,39.29,74.4,3,16.29,2.78,0.94,0.3131,0
22.57255,88.33848,34.59,70.69,101.54,3.58,1.11,37.92,54.3,2,19.66,1.43,0.45,0.4398,0
22.63335,88.36878,19.72,44.73,74.83,5.17,1.94,24.43,69.9,2,18.24,2.16,0.66,0.4433,0
22.50003,88.28438,5.71,14.4,27.38,6.98,0.29,20.21,63.5,5,24.77,3.13,0.52,0.3409,0
22.57836,88.34021,8.63,21.43,43.6,7.98,1.59,19.07,85.2,5,21.71,2.79,0.64,0.4211,0
22.58,88.38053,34.52,69.0,138.68,6.86,1.77,17.1,61.0,3,16.7,2.76,0.68,0.6479,1
22.59929,88.29124,16.47,48.63,84.64,7.26,1.02,26.51,67.9,3,9.51,2.63,0.32,0.3909,0
22.485,88.37822,6.08,20.24,44.52,5.76,3.1,35.37,81.1,5,14.47,4.02,0.46,0.3403,0
22.59601,88.46542,85.49,241.83,407.94,7.59,0.41,18.57,66.7,5,19.56,3.99,0.78,0.989,1
22.63272,88.30108,31.39,63.79,107.29,9.76,0.31,14.46,84.7,4,22.6,2.15,0.83,0.6747,1
22.49414,88.43289,78.74,211.72,387.62,8.05,0.54,24.17,78.1,4,25.15,2.13,0.69,0.9723,1
22.50513,88.36193,13.93,30.46,53.43,8.28,0.69,10.35,65.5,5,17.71,2.78,0.48,0.449,0
22.64457,88.41103,16.11,34.9,77.01,7.15,0.64,31.84,70.2,2,16.07,1.31,0.58,0.3036,0
22.49439,88.33205,57.06,156.66,230.79,3.19,0.37,25.62,93.4,2,5.37,1.97,0.37,0.9195,1
22.62233,88.3119,18.61,51.09,71.63,4.2,0.6,24.88,78.1,3,6.51,1.74,0.95,0.5537,1
22.55353,88.31209,30.71,60.86,119.19,7.5,0.91,18.22,90.2,3,8.28,1.71,0.89,0.678,1
22.50697,88.2941,7.26,20.66,41.64,6.48,1.67,38.76,53.9,5,6.15,3.04,0.34,0.2081,0
22.62544,88.31713,14.8,30.32,64.44,7.47,1.14,11.08,69.2,5,13.42,2.23,0.41,0.4424,0
22.54461,88.41284,3.29,12.64,31.88,10.19,1.69,37.57,90.4,7,12.07,1.55,0.7,0.2253,0
22.55782,88.45634,5.77,17.31,32.99,8.1,0.5,20.81,61.1,10,18.38,3.84,0.46,0.4001,0
22.52825,88.44283,0.02,8.97,22.95,9.27,0.87,37.94,93.4,3,16.25,3.8,0.94,0.304,0
22.57266,88.41703,1.0,8.04,19.57,6.71,0.65,32.78,49.9,1,17.52,3.76,0.81,0.212,0
22.49107,88.30209,94.62,199.77,338.37,4.72,0.21,11.54,90.1,6,14.91,2.25,0.49,0.9889,1
22.53431,88.33784,6.94,21.31,46.11,6.37,0.1,36.27,67.3,2,10.83,1.18,0.3,0.1884,0
22.64419,88.34196,27.21,63.55,97.11,4.73,0.47,31.19,48.7,2,25.01,1.34,0.84,0.4393,0
22.50905,88.32999,45.67,95.63,160.97,9.93,1.49,9.1,89.0,3,6.81,1.88,0.59,0.792,1
22.58478,88.383,20.0,54.97,100.96,8.24,1.1,12.55,57.6,6,24.72,1.7,0.74,0.511,1
22.52179,88.38711,4.16,14.13,26.32,7.65,0.95,29.61,46.1,3,11.54,3.8,0.5,0.2135,0
22.60696,88.35138,32.56,93.0,170.84,9.22,2.37,30.53,51.8,6,15.77,4.16,0.4,0.6034,1
22.48487,88.35076,22.92,63.41,108.74,2.06,0.4,33.39,78.0,4,7.29,3.61,0.76,0.6944,1
22.64427,88.44571,32.85,94.3,180.84,7.79,1.19,32.49,93.9,1,6.49,3.34,0.61,0.7242,1
22.54622,88.43786,36.71,83.84,124.35,3.62,0.64,30.42,50.6,4,14.02,2.88,0.46,0.6341,1
22.50485,88.34156,92.64,247.44,321.02,6.48,1.24,34.05,68.1,4,20.58,3.46,0.39,0.9763,1
22.47396,88.46276,21.31,44.98,77.4,5.81,1.88,27.55,54.0,1,10.66,4.03,0.69,0.4452,0
22.49225,88.47056,10.45,23.97,38.52,7.96,0.22,16.87,82.3,1,16.81,2.92,0.79,0.4391,0
22.55876,88.34535,26.14,59.12,118.25,7.0,1.55,39.02,50.9,2,10.85,1.49,0.49,0.3029,0
22.52403,88.35088,1.77,10.29,13.56,9.46,1.14,8.62,57.0,4,13.16,1.52,0.8,0.2465,0
22.61749,88.38113,56.92,118.09,216.72,5.18,0.55,20.46,54.8,6,24.04,2.87,0.42,0.8647,1
22.54187,88.46822,3.18,15.35,35.33,8.06,0.1,32.78,72.6,6,22.97,2.07,0.53,0.2522,0
22.50726,88.45526,9.93,28.74,51.24,6.86,0.94,22.52,88.7,3,15.84,3.91,0.81,0.5275,1
22.57726,88.30051,42.29,78.75,111.85,2.9,4.81,8.84,70.6,3,10.0,2.96,0.75,0.7818,1
22.59429,88.35855,22.74,55.45,95.75,4.48,0.14,10.24,47.9,3,9.06,3.16,0.48,0.5948,1
22.49174,88.39067,12.51,26.55,56.41,6.17,0.2,30.05,73.2,3,25.04,1.02,0.38,0.2807,0
22.49185,88.38063,16.03,35.27,54.36,8.95,1.15,40.81,84.9,3,9.26,2.6,0.33,0.2858,0
22.46697,88.31877,48.2,93.25,180.02,7.52,0.2,26.76,51.6,1,21.97,2.38,0.87,0.6998,1
22.59992,88.45176,10.39,26.11,41.06,3.93,1.68,25.23,48.6,3,12.75,3.26,0.35,0.3074,0
22.58612,88.41539,50.94,112.37,178.26,6.19,1.07,18.82,54.4,3,25.7,2.22,0.38,0.7604,1
22.55018,88.44758,2.31,6.69,19.74,10.94,0.3,16.73,82.3,1,12.73,4.13,0.46,0.3085,0
22.62039,88.45175,37.49,98.53,132.69,6.74,0.4,8.71,74.6,4,12.38,3.14,0.6,0.8228,1
22.61308,88.42967,47.02,100.52,196.36,5.78,0.15,17.28,72.0,1,18.39,3.11,0.84,0.8534,1
22.57122,88.36784,5.02,15.14,30.44,7.58,2.02,23.27,57.5,3,25.19,3.94,0.47,0.2698,0
22.62497,88.40211,14.07,34.58,49.89,8.18,2.05,14.73,61.6,3,25.5,4.18,0.67,0.4529,0
22.49911,88.31207,4.52,15.48,29.08,5.5,2.32,10.97,93.3,4,19.85,1.63,0.36,0.3881,0
22.48126,88.41473,30.66,59.32,106.54,7.61,0.5,32.4,57.0,5,20.85,3.59,0.62,0.5426,1
22.51125,88.31585,19.16,33.03,57.55,5.78,0.36,38.42,90.1,3,16.83,1.52,0.42,0.3648,0
22.47085,88.41879,25.22,71.81,131.83,8.08,0.97,39.85,74.0,4,20.87,2.46,0.44,0.4647,0
22.56092,88.32592,5.47,18.23,34.25,6.87,1.83,29.01,51.2,4,23.06,1.32,0.55,0.1764,0
22.63796,88.30351,5.95,12.02,19.81,7.56,0.35,9.79,68.4,1,15.21,2.99,0.82,0.381,0
22.46748,88.31306,1.06,12.42,33.42,4.83,0.29,33.19,92.4,3,18.02,2.5,0.81,0.3653,0
22.4832,88.2804,9.72,31.29,53.49,4.69,1.64,11.74,65.9,6,16.28,3.01,0.58,0.5099,1
22.54592,88.42375,20.51,57.22,111.68,8.58,0.22,30.77,88.2,1,16.81,3.17,0.38,0.4987,0
22.63744,88.42648,48.79,121.8,163.79,6.33,1.14,34.5,57.8,5,23.69,2.98,0.49,0.7474,1
22.52007,88.38299,27.48,64.44,126.08,7.13,0.71,32.68,73.5,3,12.47,1.94,0.64,0.5142,1
22.55637,88.31227,14.29,36.53,60.24,5.83,0.48,40.36,87.2,5,9.37,3.68,0.89,0.5107,1
22.4679,88.29671,76.5,217.14,362.18,8.48,0.79,33.1,91.0,3,14.58,2.77,0.96,0.9735,1
22.48819,88.28383,31.76,92.02,124.33,5.16,0.76,31.57,69.3,4,9.37,2.57,0.73,0.6708,1
22.64746,88.31315,66.54,129.92,170.34,6.2,1.25,16.9,77.0,2,15.47,4.16,0.54,0.9179,1
22.64337,88.45817,18.75,52.47,80.39,8.23,1.32,39.44,45.1,4,23.97,1.91,0.77,0.2656,0
22.46094,88.32831,7.49,14.89,28.75,9.08,2.52,14.1,57.7,4,17.97,2.69,0.53,0.2622,0
22.64084,88.35085,1.36,7.22,21.44,5.35,1.09,38.77,58.9,4,22.96,3.18,0.73,0.2229,0
22.58143,88.30107,32.37,78.33,127.87,10.81,1.59,18.63,49.7,2,8.49,1.4,0.47,0.4143,0
22.6249,88.32447,3.23,12.45,26.48,7.19,1.51,12.43,59.0,5,23.92,2.13,0.48,0.2816,0
22.5464,88.38384,9.02,27.55,61.97,4.21,2.37,36.11,61.1,5,17.64,3.57,0.35,0.3167,0
22.55796,88.40155,19.01,37.77,70.22,7.31,2.07,8.08,93.4,4,5.67,1.76,0.59,0.5674,1
22.55288,88.32907,20.78,53.62,95.8,5.66,1.97,36.29,78.4,5,18.3,2.58,0.72,0.4976,0
22.5867,88.29155,22.94,65.1,104.69,7.45,0.25,16.92,66.3,6,24.98,3.02,0.84,0.6616,1
22.48653,88.35821,4.55,19.33,35.14,6.41,1.41,38.08,94.4,2,6.66,3.15,0.85,0.3473,0
22.46569,88.32684,11.94,25.48,50.84,6.66,0.1,31.51,52.7,5,17.23,3.33,0.97,0.3791,0
22.51851,88.32391,24.01,57.48,109.27,4.49,1.89,30.65,68.8,3,24.23,3.77,0.36,0.5432,1
22.59389,88.47197,87.51,209.31,289.49,8.68,0.64,20.42,77.4,4,5.2,2.26,0.64,0.9692,1
22.49835,88.40326,32.51,61.56,80.77,3.96,0.9,10.02,47.8,3,18.25,3.26,0.65,0.6669,1
22.58795,88.39138,63.97,183.04,305.09,4.06,1.17,36.22,80.8,2,14.97,3.34,0.85,0.9507,1
22.64428,88.36316,35.91,101.0,141.56,7.31,1.75,13.81,50.0,5,12.29,1.96,0.48,0.6537,1
22.47784,88.36579,22.39,43.64,84.65,10.03,2.57,20.66,52.0,4,18.18,4.1,0.35,0.39,0
22.58779,88.38818,5.33,13.35,33.9,5.72,2.58,28.41,53.0,0,6.11,3.77,0.51,0.2212,0
22.54431,88.41929,27.47,51.67,70.76,8.04,0.15,24.4,91.4,4,20.81,1.93,0.97,0.613,1
22.62495,88.42043,24.41,73.39,104.19,8.86,0.94,14.75,79.2,1,5.09,3.16,0.91,0.6585,1
22.49366,88.31434,23.06,43.39,79.3,8.29,0.21,12.78,77.8,2,11.45,3.3,0.57,0.584,1
22.5916,88.38002,16.82,40.37,76.0,5.82,0.4,12.19,72.8,6,15.58,2.38,0.9,0.6201,1
22.61924,88.36239,18.8,46.46,72.05,4.1,2.65,37.34,59.6,3,12.92,3.76,0.32,0.374,0
22.63948,88.45411,10.18,28.99,57.75,2.0,3.25,9.07,76.0,5,11.46,3.21,0.51,0.5747,1
22.58982,88.40628,18.31,38.5,65.65,5.92,1.4,41.22,65.5,5,22.45,3.11,0.79,0.3918,0
22.55446,88.3865,5.5,15.15,29.23,9.09,1.12,14.75,52.3,2,24.63,1.71,0.45,0.1981,0
22.57739,88.30308,40.89,115.76,146.39,4.03,1.42,11.75,79.5,3,23.35,2.31,0.43,0.8348,1
22.62509,88.40113,5.14,20.01,44.6,8.04,2.48,27.62,51.5,3,15.97,2.39,0.89,0.2185,0
22.56842,88.30344,2.22,10.83,30.34,4.41,1.4,10.72,54.5,4,23.57,3.35,0.72,0.3918,0
22.46577,88.34744,14.33,27.48,58.52,6.73,0.25,28.48,85.9,2,24.34,2.98,0.97,0.4859,0
22.63688,88.30857,26.85,59.52,90.96,8.06,0.83,36.92,78.0,9,13.59,1.27,0.39,0.4544,0
22.59101,88.41841,14.39,37.57,67.18,5.05,0.73,9.63,76.5,2,10.95,1.98,0.54,0.5174,1
22.58854,88.32125,8.1,19.41,43.53,6.88,0.32,35.2,65.9,5,7.06,2.51,0.51,0.2726,0
22.50098,88.35837,20.42,58.91,114.56,5.59,1.76,21.41,64.8,4,15.06,3.36,0.9,0.6167,1
22.58519,88.45913,10.65,32.86,53.78,8.05,2.46,13.42,79.5,6,24.87,3.38,0.47,0.4789,0
22.53483,88.32086,67.53,112.43,160.09,7.02,0.54,13.99,82.0,7,16.78,2.57,0.54,0.9135,1
22.58373,88.38156,63.98,177.96,314.38,6.62,0.17,39.24,70.5,3,19.02,1.37,0.4,0.8824,1
22.48025,88.36385,17.45,53.04,84.89,9.93,0.52,11.76,93.5,2,7.37,1.94,0.83,0.5719,1
22.58499,88.28362,9.93,18.46,34.57,7.96,1.0,37.47,92.8,10,8.01,1.82,0.46,0.339,0
22.64989,88.43855,33.4,80.4,152.34,4.98,1.02,26.5,65.6,5,14.75,3.5,0.35,0.6987,1
22.46916,88.29381,0.94,7.79,20.04,6.31,1.36,9.33,86.0,3,24.98,1.58,0.6,0.3495,0
22.64566,88.37485,16.1,39.52,52.04,6.33,1.6,23.79,72.2,0,12.58,2.49,0.57,0.3714,0
22.53731,88.39214,10.25,18.3,35.52,6.68,2.52,35.79,70.6,0,23.43,3.15,0.42,0.22,0
22.62544,88.40569,63.31,152.95,255.84,12.05,1.91,32.69,47.7,5,7.53,4.09,0.39,0.8147,1
22.60865,88.41773,0.3,4.35,14.57,7.32,0.93,24.62,73.7,3,17.96,4.2,0.91,0.348,0
22.56773,88.33065,20.12,50.71,80.89,2.02,0.23,37.24,90.0,2,17.61,4.05,0.35,0.6069,1
22.60031,88.282,33.74,63.82,97.19,5.31,1.41,12.09,84.0,4,23.06,3.3,0.37,0.7414,1
22.62692,88.42469,16.59,42.13,69.01,2.25,1.58,38.94,84.3,2,5.07,3.39,0.47,0.4797,0
22.53679,88.38713,2.23,10.8,27.83,5.77,1.92,36.78,53.0,3,8.99,3.43,0.95,0.2293,0
22.52214,88.44722,89.8,240.15,308.84,2.13,0.35,32.08,62.9,6,9.61,3.76,0.36,0.9837,1
22.58684,88.44428,18.25,39.57,83.59,4.58,2.4,35.81,56.7,4,24.95,4.05,0.85,0.4541,0
22.61349,88.44867,23.81,50.94,76.55,3.15,1.27,26.49,60.8,1,8.23,2.43,0.91,0.5185,1
22.60483,88.37702,6.75,15.8,37.57,7.35,0.26,30.96,74.0,8,5.78,2.33,0.56,0.3288,0
22.61158,88.34673,16.52,44.96,74.39,6.5,0.13,27.06,63.2,4,16.22,2.47,0.5,0.4154,0
22.54276,88.43831,14.02,31.09,64.94,7.17,0.93,20.08,73.0,1,16.1,3.11,0.76,0.4439,0
22.61539,88.37026,1.95,10.45,19.41,6.27,1.08,27.34,66.9,2,22.72,3.48,0.78,0.2907,0
22.48284,88.31669,2.81,10.07,20.95,3.43,0.4,16.75,59.3,3,24.93,3.79,0.83,0.4282,0
22.56345,88.45099,45.42,96.31,181.55,7.63,1.01,22.97,49.8,1,16.31,2.46,0.86,0.6943,1
22.46109,88.45651,6.85,17.12,38.43,10.73,1.19,17.55,89.6,1,24.53,2.16,0.48,0.2883,0
22.52167,88.37326,5.42,18.33,31.48,7.4,2.18,12.18,45.6,3,20.23,4.15,0.77,0.3414,0
22.52963,88.29514,17.58,52.54,95.64,5.56,0.94,18.94,45.1,4,10.56,1.74,0.39,0.3886,0
22.53527,88.35757,36.61,76.45,134.99,3.36,1.42,36.97,86.3,5,24.5,1.71,0.65,0.6852,1
22.59214,88.44071,1.6,8.02,24.15,4.5,2.42,20.96,94.8,4,19.02,3.29,0.72,0.4391,0
22.53383,88.46035,21.5,45.42,65.05,7.5,0.89,33.43,81.4,8,13.7,1.57,0.41,0.4256,0
22.54525,88.32069,3.17,12.1,30.6,8.86,0.5,13.96,45.8,2,19.29,2.28,0.35,0.1949,0
22.50513,88.29339,0.93,6.03,20.56,7.07,1.51,22.43,56.3,3,13.43,1.94,0.43,0.1798,0
22.53092,88.45547,1.35,8.14,18.7,8.26,1.84,11.91,93.6,1,7.4,1.54,0.59,0.2936,0
22.50318,88.35788,44.92,126.66,241.19,8.06,2.4,12.71,85.4,3,20.1,2.86,0.9,0.8919,1
22.47391,88.38835,3.14,12.67,22.1,7.61,0.64,28.99,73.3,2,22.31,2.2,0.66,0.2371,0
22.57466,88.47361,1.16,10.28,20.0,5.05,0.69,28.65,56.8,3,20.3,2.48,0.81,0.2506,0
22.58696,88.29331,14.4,44.25,83.47,6.88,1.66,15.25,45.7,4,9.81,1.63,0.42,0.3318,0
22.5777,88.40966,46.45,126.65,217.46,4.63,1.38,24.13,46.0,4,25.09,3.46,0.37,0.8057,1
22.54806,88.29482,7.61,15.28,22.81,6.54,1.67,37.35,75.6,2,5.53,2.01,0.46,0.2031,0
22.53216,88.35509,13.69,31.34,53.99,7.23,1.38,13.92,46.1,2,11.99,2.1,0.51,0.3013,0
22.62403,88.44076,1.02,5.7,18.37,10.19,0.83,8.65,94.7,2,10.46,1.81,0.67,0.3258,0
22.55863,88.36669,14.9,33.58,57.69,3.62,0.85,30.17,54.2,1,6.01,2.39,0.9,0.3694,0
22.55104,88.47944,21.55,43.92,81.29,7.56,0.9,9.82,80.5,7,13.52,2.48,0.59,0.6341,1
22.46487,88.39181,21.15,41.26,77.63,9.76,2.04,41.32,52.8,1,18.09,2.69,0.65,0.2237,0
22.52484,88.34423,10.1,27.1,52.16,8.17,2.14,28.73,72.0,3,23.53,4.1,0.3,0.3215,0
22.53224,88.32402,9.48,23.24,51.5,8.33,0.11,23.99,49.0,6,25.78,3.9,0.32,0.3227,0
22.53578,88.3501,2.82,11.06,24.73,7.79,1.59,22.62,83.3,6,21.97,2.95,0.36,0.3192,0
22.57023,88.35451,11.42,22.31,45.4,9.36,2.22,27.48,74.2,4,14.84,1.12,0.78,0.25,0
22.56138,88.29374,2.62,15.96,34.09,4.11,1.05,11.08,49.3,2,20.2,2.96,0.63,0.3449,0
22.5755,88.35391,36.37,99.8,176.16,3.45,1.16,39.62,87.4,5,22.72,1.29,0.43,0.7025,1
22.60533,88.37285,84.74,185.65,308.27,6.49,0.64,29.27,72.4,5,14.77,3.27,0.7,0.9682,1
22.61447,88.42455,87.73,189.48,348.71,2.0,1.21,14.26,91.1,5,21.49,2.25,0.67,0.988,1
22.59644,88.41135,50.08,143.95,215.11,9.21,2.65,27.13,90.8,5,15.14,3.68,0.36,0.8657,1
22.64155,88.42175,22.96,47.09,74.41,9.19,1.38,12.53,91.0,5,13.12,4.02,0.74,0.6854,1
22.46346,88.28167,30.17,63.05,92.52,5.55,2.76,8.6,48.9,4,16.05,2.33,0.82,0.603,1
22.4972,88.32353,8.39,22.87,39.86,5.68,0.4,29.44,51.0,1,19.19,2.47,0.49,0.2358,0
22.46144,88.41234,24.91,50.61,70.91,6.34,2.02,30.05,94.4,5,20.26,2.89,0.77,0.6015,1
22.58302,88.3768,15.2,37.15,77.77,6.61,1.71,27.85,69.4,5,12.49,1.63,0.44,0.3456,0
22.63063,88.28106,16.45,49.08,90.23,6.78,0.99,14.24,56.9,4,17.0,3.97,0.81,0.5835,1
22.50626,88.4409,35.45,91.44,163.18,7.73,0.1,28.52,83.5,3,24.11,2.39,0.92,0.7438,1
22.63614,88.43456,8.28,19.38,40.79,6.12,0.95,9.92,58.2,2,25.5,1.53,0.6,0.3208,0
22.47145,88.38968,9.57,31.32,64.24,8.58,0.46,28.71,81.4,1,9.77,3.44,0.47,0.3583,0
22.63754,88.29329,64.64,112.31,180.49,7.48,0.51,26.84,86.9,4,9.05,1.7,0.57,0.8524,1
22.52681,88.4333,1.45,9.31,21.97,5.16,1.46,30.28,84.2,2,19.21,1.46,0.47,0.2287,0
22.47927,88.39674,16.62,41.19,69.31,9.44,1.14,38.45,58.7,4,13.71,2.8,0.3,0.2478,0
22.55232,88.43639,60.99,144.15,274.36,3.51,0.92,36.91,65.1,1,5.51,3.15,0.74,0.8945,1
22.50879,88.43035,23.56,44.13,81.04,6.3,0.28,41.34,65.7,2,12.28,2.82,0.33,0.349,0
22.51413,88.4406,19.76,46.74,75.83,8.63,0.1,41.19,69.6,3,21.94,3.1,0.44,0.3442,0
22.51839,88.3836,7.18,25.07,44.23,4.91,0.36,34.26,53.4,3,21.75,1.37,0.79,0.2404,0
22.61257,88.30806,10.51,28.08,50.91,7.18,0.73,40.52,67.6,2,15.39,2.52,0.75,0.2625,0
22.56244,88.41423,47.77,120.33,167.09,7.7,0.5,37.49,70.5,7,14.92,2.14,0.35,0.7289,1
22.51915,88.40409,20.48,50.38,90.26,4.61,0.69,32.74,71.6,1,17.17,4.11,0.75,0.556,1
22.57596,88.42845,18.08,35.2,57.85,6.34,2.9,10.56,86.0,3,9.61,1.16,0.93,0.5081,1
22.59607,88.31398,2.62,7.96,18.59,6.16,0.97,9.67,70.9,4,16.05,1.95,0.35,0.3132,0
22.5118,88.319,0.4,4.89,17.66,5.29,2.12,36.48,56.5,1,5.23,4.01,0.58,0.1931,0
22.53857,88.45808,82.89,231.91,385.87,11.56,0.45,24.65,78.2,7,14.99,4.15,0.8,0.9843,1
22.48316,88.43,11.83,31.8,64.63,4.82,0.43,35.7,84.9,3,12.06,3.64,0.75,0.4871,0
22.49442,88.46165,23.11,49.59,95.82,8.71,0.18,18.64,61.0,2,19.17,1.24,0.45,0.3866,0
22.58941,88.43174,2.08,13.34,25.37,5.64,1.02,21.52,77.3,8,18.41,2.8,0.41,0.379,0
22.49447,88.39943,28.73,65.91,109.79,4.11,0.31,31.81,52.3,3,13.0,2.28,0.83,0.546,1
22.55978,88.41083,67.42,134.47,231.34,6.73,4.05,39.12,62.1,2,5.15,3.58,0.95,0.8437,1
22.59472,88.45783,21.43,62.38,124.53,7.93,0.78,10.98,90.5,3,10.3,1.18,0.82,0.6438,1
22.48031,88.39576,3.37,9.35,19.13,8.53,0.84,37.29,90.6,4,18.3,1.63,0.95,0.2516,0
22.56779,88.40648,21.79,57.05,112.87,9.94,0.72,34.96,73.8,4,6.52,2.57,0.71,0.4393,0
22.50875,88.3113,36.35,71.44,140.53,12.98,0.47,18.73,80.1,7,7.26,1.5,0.93,0.6545,1
22.64296,88.37478,13.04,34.7,68.25,7.05,2.16,20.08,87.7,5,18.59,3.22,0.77,0.5399,1
22.55187,88.42328,52.97,136.04,256.77,5.04,1.25,9.58,92.9,1,20.87,3.63,0.92,0.9528,1
22.61314,88.33419,26.15,51.01,82.4,7.5,0.13,8.54,69.5,5,11.75,3.25,0.41,0.6454,1
22.56454,88.32045,57.38,112.45,217.27,5.91,0.12,24.22,73.1,3,15.28,2.41,0.85,0.8765,1
22.46825,88.34277,24.42,70.26,128.24,8.54,0.21,11.25,65.8,4,24.86,3.81,0.43,0.6713,1
22.5803,88.3283,3.52,12.04,20.42,3.65,0.26,14.6,48.6,2,24.86,1.44,0.32,0.2393,0
22.64077,88.32298,9.27,26.12,58.66,11.71,0.64,36.79,66.1,4,11.46,1.83,0.65,0.1944,0
22.57431,88.36497,5.63,20.59,43.26,8.38,1.9,27.41,84.5,5,22.01,2.57,0.52,0.3139,0
22.61565,88.46157,59.87,133.39,208.08,2.8,0.97,29.54,85.2,4,17.47,1.2,0.33,0.8728,1
22.628,88.38141,35.72,63.91,108.56,4.94,0.19,14.37,89.6,7,25.49,1.31,0.97,0.7979,1
22.50334,88.31758,28.21,76.61,106.34,8.3,0.37,36.17,47.6,5,15.03,2.27,0.75,0.4457,0
22.50029,88.29539,8.95,25.76,55.27,9.09,0.11,37.51,71.4,2,21.27,4.02,0.91,0.3406,0
22.57609,88.41923,5.08,15.92,35.08,3.7,0.8,25.79,50.4,3,21.13,3.91,0.98,0.3845,0
22.5381,88.35656,35.31,90.75,122.92,8.07,1.82,39.03,55.0,4,15.45,2.49,0.57,0.4845,0
22.61957,88.44437,16.07,42.39,63.17,2.22,3.91,36.72,90.0,7,21.71,1.45,0.47,0.4322,0
22.631,88.4119,6.4,20.58,29.76,6.3,0.32,32.87,69.8,5,10.48,1.57,0.43,0.2465,0
22.52715,88.43925,23.97,60.01,95.41,8.95,1.31,32.96,82.9,7,7.57,2.21,0.65,0.5129,1
22.50501,88.33439,1.03,6.25,16.15,5.29,3.32,11.58,48.2,4,13.93,1.67,0.71,0.2256,0
22.6083,88.41847,9.87,30.38,60.64,3.18,1.87,17.21,65.8,5,24.82,1.27,0.62,0.4116,0
22.51221,88.33281,15.8,41.18,82.53,6.82,1.71,10.27,78.7,1,15.52,3.16,0.56,0.5398,1
22.6163,88.46781,4.0,14.23,28.69,5.17,1.22,8.3,51.7,4,18.34,2.86,0.41,0.3404,0
22.54051,88.40727,104.42,186.67,268.75,7.89,2.63,13.38,61.3,5,18.11,1.93,0.6,0.9669,1
22.58683,88.3449,5.86,20.08,48.75,4.55,0.41,37.94,48.2,1,7.78,3.49,0.36,0.2192,0
22.47815,88.3339,3.49,12.13,31.99,4.8,1.34,16.16,77.6,4,13.2,3.48,0.89,0.4769,0
22.57853,88.31819,5.69,14.78,33.25,2.05,0.77,40.99,93.5,1,19.85,2.57,0.33,0.3165,0
22.54584,88.41893,36.64,81.38,145.57,6.87,0.49,28.31,86.4,4,25.41,1.31,0.56,0.6663,1
22.57146,88.32374,13.86,31.15,64.05,6.15,0.25,16.07,93.7,2,8.53,3.94,0.37,0.5841,1
22.49192,88.39906,20.83,51.9,93.31,3.89,3.89,24.9,87.3,4,13.62,3.14,0.83,0.6212,1
22.60001,88.33293,0.53,8.0,20.75,6.93,0.34,15.45,87.8,4,7.0,1.79,0.51,0.3385,0
22.62393,88.41239,0.88,8.77,19.38,8.76,1.09,41.46,73.9,3,10.09,2.95,0.38,0.1612,0
22.50118,88.44299,14.76,39.73,53.81,6.03,1.38,36.81,70.9,3,12.91,2.3,0.66,0.3341,0
22.47819,88.43561,42.41,98.69,156.58,7.09,0.22,8.89,65.3,5,16.35,3.03,0.92,0.8531,1
22.46449,88.43217,54.12,140.05,221.6,7.1,1.5,40.22,85.9,2,9.84,2.52,0.92,0.8458,1
22.58197,88.31754,2.27,12.18,25.22,3.85,2.84,32.52,54.1,2,9.78,2.55,0.47,0.1855,0
22.57535,88.29768,19.32,52.63,75.33,11.02,1.73,10.8,47.8,2,21.33,3.35,0.79,0.4226,0
22.56387,88.41979,61.11,110.53,150.22,5.46,0.85,30.8,92.4,2,25.22,2.96,0.32,0.8448,1
22.50407,88.35367,12.27,31.47,56.16,7.94,1.02,30.0,45.2,4,11.8,1.26,0.39,0.1908,0
22.53427,88.36647,44.24,104.28,193.54,8.19,0.8,15.44,93.8,7,19.45,1.21,0.64,0.8445,1
22.57295,88.28623,3.59,15.54,39.1,6.19,0.53,33.79,81.4,3,10.42,1.98,0.46,0.2583,0
22.55439,88.33192,68.49,185.92,276.39,7.83,0.3,10.96,61.4,4,24.49,2.38,0.84,0.9536,1
22.64768,88.28674,34.8,95.57,162.06,7.04,0.62,24.64,79.9,2,19.13,1.88,0.93,0.7296,1
22.48592,88.45584,70.9,142.92,276.14,3.38,1.14,8.34,85.9,5,21.86,3.08,0.3,0.9667,1
22.59208,88.32868,28.22,66.45,92.55,5.77,2.94,40.94,57.3,4,6.04,1.62,0.46,0.3398,0
22.53682,88.39147,11.29,29.6,56.07,5.15,0.74,33.55,83.5,2,17.57,3.25,0.6,0.4167,0
22.54136,88.2878,69.59,129.85,229.42,5.48,0.76,13.4,85.2,2,16.08,3.47,0.68,0.949,1
22.59634,88.41337,8.06,16.53,29.12,3.63,0.5,19.62,57.5,4,11.15,1.4,0.92,0.3565,0
22.59156,88.34461,10.09,29.18,57.35,8.98,3.22,13.46,47.1,0,10.51,3.08,0.91,0.2887,0
22.64834,88.45958,30.17,62.45,116.44,10.02,0.88,34.06,55.2,3,17.18,4.08,0.73,0.4927,0
22.48439,88.45762,36.24,75.22,97.91,8.65,1.73,10.0,55.0,6,19.84,1.62,0.48,0.5854,1
22.47978,88.34506,66.27,117.21,155.34,9.3,1.46,36.57,48.3,2,5.7,3.91,0.83,0.7588,1
22.59762,88.46019,5.73,23.42,32.45,5.74,1.83,40.03,81.3,4,16.92,2.94,0.44,0.2755,0
22.56989,88.47923,39.99,95.39,145.08,5.1,1.84,31.01,64.0,0,8.58,2.89,0.96,0.691,1
22.51209,88.44508,33.54,83.4,141.55,4.79,0.77,15.24,89.2,0,7.95,1.17,0.3,0.6858,1
22.47509,88.44897,1.65,9.31,23.04,7.92,0.57,20.24,57.6,3,18.09,3.39,0.69,0.2771,0
22.47628,88.3298,12.24,29.5,53.56,7.0,3.22,24.23,67.7,4,11.53,2.53,0.36,0.2997,0
22.6299,88.39534,8.31,26.03,59.85,6.33,0.56,28.56,77.0,4,14.26,3.31,0.58,0.4088,0
22.49645,88.29345,9.08,18.4,37.15,9.35,1.0,30.73,88.9,3,12.56,3.59,0.73,0.3649,0
22.52144,88.29898,101.79,193.41,246.48,7.39,1.79,26.84,71.2,4,18.62,2.68,0.77,0.9678,1
22.50306,88.47978,25.73,75.78,114.93,4.65,0.71,19.94,63.7,3,14.87,1.84,0.83,0.6298,1
22.52745,88.34533,31.62,84.6,143.27,5.0,0.52,38.29,88.4,4,25.23,1.45,0.7,0.6516,1
22.47319,88.42964,93.89,197.24,299.87,8.0,1.05,10.77,60.5,4,12.4,1.51,0.47,0.9645,1
22.55862,88.44133,11.84,27.18,40.18,8.79,2.67,23.85,49.0,4,20.55,3.77,0.9,0.3176,0
22.47285,88.4516,40.47,97.81,135.84,7.71,0.44,34.37,67.3,4,10.4,1.4,0.85,0.631,1
22.61207,88.47953,14.25,29.9,57.64,10.67,1.97,10.07,84.3,3,15.68,2.23,0.41,0.3903,0
22.50441,88.3283,50.92,102.93,200.41,10.1,0.48,31.98,46.5,2,16.6,2.07,0.86,0.6442,1
22.5626,88.28807,4.98,14.18,28.29,7.47,0.1,35.87,74.3,3,11.91,3.77,0.96,0.336,0
22.62722,88.36224,73.76,139.28,212.06,4.66,1.13,30.47,74.7,0,14.91,2.53,0.73,0.9011,1
22.58367,88.30602,6.17,19.56,35.7,3.62,0.36,8.44,91.4,6,10.86,4.19,0.49,0.6603,1
22.56126,88.28449,9.87,22.86,47.42,5.65,0.52,14.12,59.3,5,5.13,3.36,0.71,0.4733,0
22.52162,88.35209,35.28,67.61,110.58,8.16,0.31,19.63,58.9,4,9.53,3.72,0.53,0.6486,1
22.52327,88.43675,12.51,32.83,64.82,10.52,3.51,15.95,67.0,1,19.7,1.32,0.76,0.255,0
22.5872,88.39324,23.43,65.98,116.85,7.42,1.13,40.73,62.8,4,21.19,1.81,0.67,0.3917,0
22.64889,88.34256,14.7,31.13,50.49,9.07,0.73,30.15,81.8,3,10.88,1.43,0.93,0.3427,0
22.58575,88.41087,33.91,60.33,114.05,5.96,0.3,18.1,77.1,6,13.57,2.48,0.72,0.7291,1
22.56598,88.3264,6.48,16.71,37.96,7.87,1.0,39.61,82.9,3,5.78,3.3,0.45,0.2628,0
22.59882,88.28288,1.51,11.0,27.76,8.31,2.05,33.18,86.0,4,9.98,1.54,0.79,0.2239,0
22.54839,88.43287,8.91,23.83,31.59,2.14,1.22,17.68,91.1,3,21.36,1.42,0.5,0.4642,0
22.47143,88.40475,16.08,45.45,72.92,5.59,2.38,20.88,66.5,3,17.73,2.97,0.49,0.4451,0
22.56684,88.43246,4.6,16.74,34.29,8.59,3.83,14.78,94.2,7,9.32,1.74,0.57,0.354,0
22.64195,88.28779,10.95,33.63,55.5,7.1,0.79,41.02,55.8,2,10.41,2.53,0.31,0.1997,0
22.49331,88.44742,12.77,35.6,66.47,3.87,0.55,25.59,80.7,5,22.15,1.16,0.96,0.4986,0
22.5911,88.40391,1.48,2.15,8.98,2.0,3.7,38.47,71.7,4,9.39,3.18,0.66,0.2486,0
22.49818,88.39268,21.89,43.11,85.2,5.7,1.39,19.78,85.8,2,12.02,2.73,0.83,0.6006,1
22.56181,88.40492,53.93,157.86,306.84,6.34,0.91,37.27,68.8,3,18.95,3.07,0.48,0.8771,1
22.47837,88.45289,4.11,11.38,28.44,4.56,2.73,9.83,84.2,3,16.78,1.88,0.81,0.4163,0
22.54557,88.39739,22.77,43.65,85.53,6.81,0.11,41.39,91.5,2,14.68,1.89,0.69,0.4359,0
22.60367,88.39619,27.32,69.67,127.69,7.61,0.89,39.01,81.6,4,23.89,3.56,0.59,0.5868,1
22.52604,88.47814,13.59,29.87,53.86,7.98,0.89,20.35,83.8,1,9.61,3.3,0.96,0.4898,0
22.58633,88.43135,30.19,74.98,131.63,2.0,2.37,34.34,48.4,6,20.57,2.86,0.64,0.5981,1
22.61114,88.36846,13.22,31.57,44.55,3.61,2.48,33.58,55.2,3,8.34,3.01,0.75,0.3341,0
22.63616,88.42148,17.56,40.26,81.84,5.83,3.42,38.64,93.7,4,17.93,1.3,0.31,0.3286,0
22.50458,88.35785,0.18,8.56,17.94,7.76,0.48,18.45,79.7,8,23.28,3.74,0.5,0.4078,0
22.53587,88.32578,29.42,59.57,86.21,7.58,1.67,23.83,73.1,6,14.62,3.46,0.9,0.6529,1
22.48896,88.39937,27.07,65.37,122.06,7.54,0.16,37.41,63.3,6,20.21,2.89,0.82,0.5526,1
22.64857,88.46564,0.98,7.91,16.86,5.66,1.13,34.47,47.2,5,22.23,3.94,0.66,0.2323,0
22.63613,88.46583,11.48,28.9,47.46,5.78,0.5,21.38,63.5,6,7.86,1.54,0.91,0.4123,0
22.56259,88.34838,96.62,251.76,315.67,4.9,0.8,36.75,69.9,5,19.82,3.2,0.63,0.9833,1
22.61999,88.38554,13.65,33.07,49.29,8.19,3.11,9.6,55.6,1,24.32,4.08,0.69,0.4062,0
22.55898,88.32233,17.43,45.48,79.91,4.47,0.47,34.59,53.7,1,17.1,1.99,0.56,0.3259,0
22.57848,88.47913,60.18,112.65,213.66,8.37,0.27,15.03,70.4,6,8.91,1.05,0.72,0.8602,1
22.47693,88.47622,31.58,91.82,178.91,6.96,1.87,17.73,74.3,3,7.67,3.35,0.52,0.7429,1
22.6035,88.4099,21.81,51.34,91.32,6.4,0.1,24.77,57.0,1,10.45,1.02,0.56,0.3645,0
22.48427,88.44088,39.96,106.28,190.46,5.06,0.62,23.29,74.4,3,7.17,3.79,0.96,0.8625,1
22.61695,88.42302,49.94,86.95,141.21,3.52,0.1,25.7,90.0,2,15.78,1.18,0.38,0.7719,1
22.60859,88.39863,15.26,30.42,58.33,5.08,0.2,26.52,68.7,3,6.46,3.09,0.37,0.418,0
22.59466,88.29067,16.11,39.25,56.5,5.77,0.1,19.27,87.9,3,9.69,2.21,0.33,0.4983,0
22.46687,88.37095,12.2,43.25,67.25,2.0,1.55,13.96,91.4,2,14.24,1.65,0.52,0.5703,1
22.51759,88.41496,85.06,196.36,326.42,6.07,1.11,34.13,49.6,5,14.95,3.87,0.57,0.9583,1
22.50999,88.41551,29.86,90.85,121.2,8.53,0.16,21.6,49.8,4,16.87,3.39,0.36,0.5871,1
22.52843,88.35462,2.17,12.53,24.82,7.75,0.11,25.2,68.8,3,19.82,2.09,0.67,0.253,0
22.47665,88.46834,49.69,114.23,212.7,5.41,0.59,29.92,74.4,2,5.99,1.91,0.7,0.8069,1
22.63802,88.31347,16.38,34.16,57.73,6.6,0.92,38.93,66.3,6,6.69,3.36,0.81,0.407,0
22.56522,88.38007,1.78,9.49,22.06,5.28,4.18,32.06,61.3,1,6.28,3.68,0.96,0.2317,0
22.51805,88.41818,19.95,39.35,82.76,6.83,0.1,9.55,77.0,6,13.89,3.29,0.72,0.6763,1
22.53543,88.41943,13.5,41.2,78.49,9.89,0.23,36.51,45.1,4,5.88,3.05,0.38,0.2345,0
22.54497,88.40973,52.54,148.92,218.57,8.63,2.26,41.64,93.4,2,20.67,1.73,0.36,0.7639,1
22.57411,88.33506,5.7,19.38,35.77,7.65,2.1,24.06,56.6,2,9.68,3.73,0.83,0.2932,0
22.55798,88.31124,43.78,103.21,180.45,5.42,1.61,40.97,90.9,1,24.72,3.4,0.74,0.7783,1
22.63468,88.40719,20.39,55.9,104.02,8.15,1.57,26.61,50.5,6,15.21,2.66,0.41,0.3968,0
22.55442,88.39986,1.4,6.74,12.53,2.79,1.22,23.63,56.9,2,14.37,2.64,0.47,0.2551,0
22.64851,88.31587,89.25,160.93,239.9,5.94,1.28,19.27,56.7,2,21.39,2.82,0.81,0.9486,1
22.62177,88.42103,17.97,44.67,91.71,7.78,1.03,30.36,94.8,4,19.98,3.65,0.68,0.573,1
22.49962,88.37103,8.59,17.46,35.92,8.13,1.2,15.81,45.2,4,17.75,3.38,0.7,0.312,0
22.63681,88.41355,15.84,37.24,83.27,7.97,0.97,11.57,77.0,2,24.64,3.74,0.44,0.5358,1
22.48211,88.44747,48.77,90.3,159.3,7.15,4.34,8.93,88.5,6,13.87,2.62,0.73,0.8474,1
22.61532,88.31395,9.09,24.38,51.77,6.07,1.23,17.94,78.6,5,21.98,3.0,0.82,0.4986,0
22.53232,88.28383,5.35,14.07,23.39,7.68,0.31,21.46,63.1,3,12.98,3.73,0.9,0.3629,0
22.62682,88.43582,3.45,12.57,31.11,4.4,0.23,26.77,92.9,2,22.61,1.74,0.8,0.3782,0
22.62493,88.40194,8.84,24.75,34.71,4.64,1.15,17.95,89.7,2,10.45,2.42,0.69,0.4725,0
22.61313,88.41993,37.86,71.31,128.36,6.64,0.66,41.46,66.7,4,11.07,2.99,0.76,0.594,1
22.61011,88.44763,15.95,42.78,72.83,6.88,1.37,17.92,73.7,5,19.24,3.93,0.63,0.5723,1
22.51789,88.44056,6.45,18.47,33.2,2.48,0.41,22.99,93.4,8,9.47,1.05,0.45,0.4663,0
22.47537,88.47218,4.54,16.01,38.05,7.5,1.15,11.51,94.1,4,9.81,1.68,0.9,0.4515,0
22.53657,88.38719,10.11,28.46,58.36,8.2,0.97,16.86,67.5,4,11.41,1.75,0.66,0.3531,0
22.49297,88.3777,70.3,162.07,201.75,6.33,0.67,9.64,87.4,6,19.26,2.05,0.7,0.9579,1
22.59204,88.36038,10.5,35.0,73.33,11.72,0.35,27.02,60.1,1,23.68,1.9,0.97,0.2557,0
22.52576,88.31074,110.83,225.45,335.12,5.0,1.18,33.54,63.6,11,19.17,2.89,0.97,0.99,1
22.64537,88.39452,16.6,48.13,73.11,5.71,1.07,14.65,53.2,3,22.38,3.83,0.7,0.5381,1
22.58178,88.3354,4.94,17.58,36.81,5.63,0.5,20.51,55.5,5,16.41,3.04,0.32,0.3141,0
22.61627,88.46426,55.44,124.81,181.04,6.33,1.32,8.56,77.8,2,6.45,1.77,0.57,0.8719,1
22.48518,88.39664,15.42,43.74,91.85,5.78,0.68,36.54,70.5,4,7.11,3.76,0.94,0.5109,1
22.62378,88.39857,30.92,56.68,84.11,3.41,0.91,34.52,56.6,4,16.64,3.02,0.5,0.5249,1
22.63532,88.35098,102.93,253.93,431.71,5.3,0.41,10.15,65.1,2,11.88,1.7,0.98,0.99,1
22.55254,88.2904,1.29,7.08,18.71,6.29,1.56,20.41,63.7,2,9.63,2.16,0.36,0.209,0
22.57519,88.28635,2.54,7.44,17.41,9.2,2.56,40.48,94.4,4,14.79,3.53,0.69,0.246,0
22.60531,88.36467,31.86,58.25,90.03,11.34,0.9,21.33,87.7,4,19.0,3.36,0.65,0.6175,1
22.49322,88.29691,8.28,19.56,42.66,9.44,1.28,25.89,64.4,6,13.08,2.85,0.47,0.2783,0
22.55549,88.40137,5.09,18.91,43.28,4.79,0.1,20.08,90.7,4,21.85,1.46,0.95,0.4681,0
22.53575,88.45619,1.0,6.65,18.52,4.97,0.77,28.27,62.1,3,20.51,3.57,0.72,0.2946,0
22.48781,88.45658,0.55,2.15,12.88,6.15,1.55,41.26,78.4,4,20.43,1.98,0.46,0.1707,0
22.52983,88.41181,37.23,81.45,110.76,10.43,1.59,41.92,93.3,6,25.69,3.47,0.56,0.6237,1
22.47295,88.32225,3.61,17.29,33.92,6.14,0.81,34.34,64.5,1,11.2,3.07,0.79,0.2566,0
22.4649,88.4526,15.76,46.96,81.18,3.58,0.24,21.75,79.0,4,18.54,1.85,0.5,0.5408,1
22.48568,88.45722,23.28,44.68,65.39,5.4,1.88,24.81,59.8,5,22.97,1.68,0.9,0.4576,0
22.64299,88.31933,13.98,32.48,69.72,8.17,2.02,20.13,58.3,2,17.17,1.42,0.41,0.2566,0
22.56441,88.42749,0.69,7.63,18.99,8.02,1.46,41.51,73.7,3,21.58,1.77,0.48,0.1398,0
22.64351,88.3373,38.25,68.49,132.86,6.06,0.97,32.06,94.0,4,13.7,1.51,0.4,0.6416,1
22.54217,88.44053,0.26,6.28,15.02,8.0,0.22,23.26,67.7,5,17.4,2.97,0.37,0.2527,0
22.51925,88.47945,35.88,103.06,200.07,2.0,2.85,8.41,91.9,2,6.17,2.92,0.5,0.8806,1
22.55617,88.28601,55.94,134.1,215.41,6.73,1.29,25.7,90.7,3,25.7,2.88,0.98,0.911,1
22.54351,88.45947,14.18,31.64,60.65,8.39,0.36,41.45,57.7,2,21.8,3.05,0.36,0.2252,0
22.48008,88.40453,19.17,37.84,78.97,4.67,0.13,25.78,65.1,4,23.24,3.61,0.44,0.5194,1
22.58176,88.47468,16.2,30.84,62.28,4.66,0.1,14.2,77.2,1,19.58,3.92,0.48,0.578,1
22.50105,88.373,12.32,28.97,41.37,2.39,1.15,8.75,70.9,5,8.91,1.74,0.72,0.5474,1
22.57772,88.44948,54.6,151.0,265.1,10.0,2.07,20.06,49.8,1,5.65,2.88,0.81,0.8293,1
22.58354,88.29248,56.09,124.41,239.51,4.92,1.97,39.22,94.7,0,23.16,1.25,0.81,0.8268,1
22.48888,88.34706,10.23,32.78,69.73,7.03,0.38,41.88,82.6,4,13.32,1.38,0.31,0.2577,0
22.47166,88.2934,23.87,69.64,117.99,7.83,2.66,40.14,66.9,2,10.54,3.09,0.74,0.4267,0
22.60834,88.47507,65.4,139.05,240.75,9.83,2.9,32.8,75.9,3,16.8,2.56,0.73,0.8409,1
22.54736,88.44339,81.79,153.95,300.34,6.16,1.91,26.98,49.4,3,13.84,3.43,0.65,0.9302,1
22.47105,88.45051,17.78,44.57,65.43,5.31,0.12,28.08,69.8,3,18.68,2.36,0.56,0.4458,0
22.64902,88.46759,15.07,41.87,77.02,6.88,0.6,26.33,91.5,2,15.16,1.41,0.84,0.4649,0
22.47098,88.29702,8.17,28.73,52.02,9.32,0.84,32.04,89.8,4,19.64,3.79,0.53,0.3873,0
22.59206,88.35712,79.78,139.23,231.79,6.13,1.78,22.24,61.9,3,22.92,1.27,0.46,0.8816,1
22.6469,88.29421,3.85,15.13,31.33,4.4,1.94,30.75,71.6,5,9.11,1.6,0.51,0.2567,0
22.50544,88.32216,21.68,57.29,84.25,3.11,1.29,12.13,79.9,4,11.92,1.89,0.6,0.6588,1
22.48703,88.32587,8.3,26.06,44.42,3.81,0.95,17.03,62.0,6,14.17,4.18,0.45,0.507,1
22.48306,88.37382,8.18,20.44,45.47,8.4,0.79,36.42,48.2,0,25.2,2.33,0.71,0.1647,0
22.51762,88.33371,12.98,33.86,55.27,5.79,1.1,38.73,70.3,4,12.67,2.61,0.9,0.3658,0
22.4792,88.3002,160.0,300.0,422.83,5.16,0.37,26.33,75.1,1,13.0,3.46,0.7,0.99,1
22.59151,88.3135,1.41,6.41,23.34,4.92,1.98,9.08,45.3,5,18.72,3.04,0.6,0.3153,0
22.47184,88.30946,21.6,55.39,85.0,6.69,0.29,39.52,49.8,6,13.8,3.69,0.84,0.4646,0
22.55679,88.47462,2.15,7.88,22.94,5.97,0.46,31.87,55.4,3,24.98,2.56,0.81,0.2264,0
22.64937,88.43186,4.2,14.51,40.41,5.9,0.1,22.08,62.4,3,23.78,4.11,0.55,0.3757,0
22.61465,88.47355,14.48,30.05,52.48,9.47,0.45,28.34,72.1,3,15.78,3.55,0.71,0.3843,0
22.57689,88.36795,17.86,56.18,91.06,9.88,1.08,22.61,59.7,1,18.54,2.28,0.8,0.3776,0
22.51819,88.33567,7.49,21.62,42.13,2.96,2.89,23.82,58.8,2,6.22,2.22,0.47,0.2815,0
22.57854,88.43966,9.51,25.67,47.8,7.22,0.45,38.15,88.5,5,19.61,3.97,0.55,0.4143,0
22.56014,88.34525,2.27,10.02,27.28,4.79,0.75,13.48,52.3,3,19.85,3.19,0.37,0.3094,0
22.54096,88.33988,9.03,22.01,45.17,5.95,1.35,11.52,69.8,4,12.54,2.99,0.97,0.5012,1
22.48483,88.3265,84.95,195.08,345.78,7.18,0.68,8.09,92.6,4,9.61,3.43,0.36,0.9854,1
22.62845,88.30594,72.38,181.42,251.13,6.03,2.11,18.68,76.3,1,24.22,2.79,0.41,0.938,1
22.54546,88.33129,10.19,33.48,47.38,7.01,0.1,13.01,80.9,5,13.96,1.51,0.63,0.4658,0
22.49698,88.35106,21.15,52.91,85.62,7.98,1.49,15.48,66.6,6,18.73,2.02,0.89,0.549,1
22.52987,88.4148,60.09,149.34,202.83,7.15,1.03,8.38,46.0,4,5.7,2.79,0.54,0.8861,1
22.53868,88.29251,0.16,4.78,14.3,5.08,0.4,15.72,77.3,0,13.7,1.06,0.82,0.281,0
22.61723,88.3221,41.61,117.94,207.32,5.12,1.79,19.31,76.6,5,22.16,2.4,0.76,0.8559,1
22.59939,88.4418,74.09,135.31,173.91,3.33,1.85,9.07,50.5,2,13.14,3.42,0.73,0.9288,1
22.60617,88.30938,2.39,8.79,21.33,4.62,0.32,28.67,68.1,4,17.67,1.53,0.87,0.2814,0
22.4621,88.34853,4.4,15.5,29.98,10.82,1.28,27.34,90.8,4,9.41,1.21,0.31,0.203,0
22.53907,88.45293,80.94,221.6,346.86,4.76,0.98,11.3,55.3,1,13.75,3.68,0.93,0.9828,1
22.55146,88.31099,19.28,53.58,98.36,3.87,0.1,28.23,68.1,5,24.48,2.98,0.86,0.6146,1
22.46365,88.29655,0.36,5.24,14.78,7.2,1.21,41.95,68.1,3,16.9,1.57,0.94,0.1584,0
22.50936,88.37691,7.45,16.53,28.36,6.26,3.14,40.11,85.5,5,23.94,3.58,0.84,0.3325,0
22.60446,88.34048,14.94,37.26,53.76,6.07,1.19,8.09,86.2,4,23.94,3.11,0.9,0.6495,1
22.48605,88.39268,29.52,70.99,113.85,9.6,0.75,35.04,83.0,3,24.83,2.07,0.44,0.4787,0
22.56171,88.44076,33.03,88.44,160.32,7.71,2.07,20.02,63.3,1,23.8,2.2,0.52,0.5914,1
22.50089,88.30743,134.66,234.41,434.46,5.33,1.56,10.16,48.6,8,5.07,1.5,0.51,0.99,1
22.4623,88.39614,8.47,29.27,49.04,5.57,0.32,18.06,62.5,3,24.61,3.67,0.37,0.4181,0
22.50583,88.3811,19.32,54.69,94.21,5.39,1.13,18.94,79.0,3,7.89,2.63,0.8,0.6113,1
22.64542,88.30882,19.05,40.76,81.27,8.42,0.65,25.79,80.1,6,5.84,2.78,0.39,0.4765,0
22.61229,88.4048,13.01,39.24,78.33,5.82,0.28,30.48,93.3,3,6.16,3.83,0.34,0.5227,1
22.64232,88.33473,4.63,13.75,29.09,2.56,2.37,33.47,67.7,1,12.33,1.05,0.83,0.2255,0
22.55269,88.37757,94.81,209.12,319.83,6.39,1.28,16.36,76.6,7,18.04,1.21,0.92,0.9825,1
22.48085,88.29645,47.99,96.86,182.41,3.12,1.45,18.94,72.0,4,13.45,1.52,0.82,0.8328,1
22.56411,88.37192,17.25,45.88,83.37,11.31,0.69,18.48,52.5,2,5.54,1.1,0.86,0.2983,0
22.54633,88.34129,23.11,65.75,94.84,4.38,0.78,20.33,68.1,4,15.01,3.11,0.71,0.6538,1
22.62043,88.44448,6.45,24.08,42.32,6.14,2.38,41.99,72.2,4,14.28,3.03,0.9,0.2849,0
22.47864,88.2914,19.62,51.39,78.42,7.07,0.84,34.45,92.5,5,20.89,1.67,0.64,0.4789,0
22.55277,88.36372,29.68,78.98,130.96,5.86,0.79,41.15,63.3,3,10.87,1.48,0.97,0.5101,1
22.48851,88.37169,18.1,45.84,82.54,5.86,1.97,31.57,94.0,2,9.57,1.47,0.37,0.4037,0
22.52169,88.425,115.85,200.59,374.49,7.43,1.02,21.81,72.1,2,10.37,4.05,0.85,0.9899,1
22.6001,88.39486,23.63,68.73,112.92,9.86,1.56,21.25,57.1,2,11.38,3.22,0.74,0.4904,0
22.55044,88.41344,11.59,28.95,46.6,8.19,2.0,24.61,54.6,4,17.58,2.87,0.69,0.2991,0
22.53142,88.43541,36.98,78.28,116.93,9.75,0.92,22.17,52.1,4,14.9,2.03,0.79,0.5525,1
22.53495,88.45244,4.67,13.32,31.96,4.2,0.55,36.16,67.6,2,12.07,2.39,0.87,0.2811,0
22.54729,88.34278,12.13,30.53,45.67,7.2,0.1,23.81,46.1,5,12.86,1.29,0.89,0.2975,0
22.60915,88.3876,10.65,34.33,56.67,6.84,0.55,18.05,67.3,3,12.79,4.19,0.42,0.4652,0
22.6295,88.44802,14.13,31.9,46.03,7.27,0.28,34.35,94.4,4,25.42,3.42,0.43,0.4449,0
22.64151,88.47789,38.06,102.17,184.38,9.53,1.27,37.05,78.5,5,9.89,2.99,0.31,0.6552,1
22.60951,88.4579,16.55,31.29,59.25,6.01,0.48,22.29,83.0,1,22.18,2.88,0.39,0.4505,0
22.51993,88.35429,39.5,88.66,136.72,5.61,0.26,30.71,51.0,5,19.87,2.61,0.48,0.6385,1
22.59075,88.31903,21.48,63.11,98.09,7.67,0.2,10.0,68.7,5,5.12,1.82,0.79,0.6201,1
22.54314,88.37788,10.47,32.94,69.6,2.59,1.0,26.0,59.3,3,25.86,1.72,0.62,0.3742,0
22.50839,88.42833,41.52,80.68,133.59,5.98,1.29,9.53,89.7,4,20.89,2.76,0.82,0.8476,1
22.61977,88.37851,6.8,17.29,37.72,6.2,0.25,8.99,54.1,2,19.33,1.22,0.63,0.301,0
22.4673,88.37664,6.35,15.73,36.22,4.48,0.23,28.84,67.9,6,13.51,1.24,0.68,0.3124,0
22.63133,88.44765,17.55,41.65,86.61,8.83,0.29,18.31,74.4,2,16.66,2.79,0.38,0.4457,0
22.54768,88.35228,7.56,21.8,34.44,4.16,0.67,33.25,70.7,4,10.32,3.94,0.83,0.427,0
22.58107,88.45196,0.23,3.27,11.56,6.2,1.12,38.47,86.5,6,5.75,3.93,0.82,0.3366,0
22.58528,88.36136,26.12,58.17,73.9,7.14,0.71,12.74,56.6,7,22.56,1.03,0.51,0.5055,1
22.63007,88.34565,17.89,51.7,82.9,9.48,0.46,32.63,63.9,5,23.83,1.34,0.52,0.3125,0
22.58097,88.3708,14.74,38.43,81.84,6.48,0.78,25.49,84.6,4,8.41,2.87,0.45,0.4891,0
22.57665,88.43249,85.26,179.55,256.46,8.56,1.3,11.81,71.4,6,21.53,3.72,0.85,0.9745,1
22.47266,88.3052,21.17,50.78,77.11,8.04,0.73,30.15,65.1,1,20.56,4.05,0.81,0.4769,0
22.5585,88.31928,49.77,122.02,182.89,6.77,1.85,28.72,46.5,2,8.75,3.75,0.71,0.7612,1
22.48853,88.47029,3.75,15.43,36.33,4.1,2.09,25.53,82.7,4,13.86,3.17,0.46,0.3773,0
22.60011,88.3151,21.05,50.36,83.62,3.34,0.61,39.5,93.6,2,13.88,1.64,0.42,0.4706,0
22.55732,88.39355,50.62,114.19,205.17,6.73,1.84,25.72,76.0,5,20.96,1.23,0.33,0.7653,1
22.58924,88.39586,21.87,47.18,90.93,5.31,1.33,41.68,87.8,0,22.59,1.15,0.33,0.3289,0
22.46792,88.37792,31.65,86.31,156.44,8.52,2.9,25.31,70.8,3,6.99,2.96,0.43,0.5892,1
22.47611,88.40895,11.63,34.63,60.96,8.14,0.45,11.94,56.6,2,16.82,1.12,0.37,0.291,0
22.5961,88.32597,2.43,4.77,18.4,6.09,3.72,24.0,45.7,0,21.0,3.37,0.68,0.1738,0
22.4737,88.39053,15.31,43.96,62.63,3.95,0.1,14.2,77.7,3,21.51,3.28,0.54,0.6171,1
22.47354,88.35443,12.54,42.94,62.36,7.62,0.5,28.3,69.7,3,8.11,1.25,0.6,0.3148,0
22.4623,88.41233,50.45,142.35,189.63,4.26,0.14,31.57,84.1,3,16.04,3.9,0.7,0.9081,1
